Period,Cell_ID,Cell_Name,XPanel,ZPanel,XUniverse,ZUniverse,XFactor,ZFactor,Condition
1327,10005728,19144_CALI_SUR_CAFETERIA,10523,5,177246,75,16.8437,15,ZZZZZZ
1327,10003470,238_ANTIOQUIA_MINIMERCADOS,18592,10,2749104,866,147.8649,86.6,ZZZZZZ
1327,10003599,5126_EJE_CAFETERO_SUPER_IND_Y_OTRAS_CAD,47170,5,482588,107,10.2308,21.4,ZZZZZZ
1327,10003552,3316_CUCUTA_MINIMERCADOS,3035,5,193695,351,63.8204,70.2,ZZZZZZ
1327,10003608,5461_PEREIRA_AREA_METRO_TRADICIONALES_PEQ,13063,7,3433077,868,262.8092,124,ZZZZZZ
1327,10003609,5463_PEREIRA_AREA_METRO_TRADICIONALES_GRD,6793,4,574178,231,84.525,57.75,ZZZZZZ
1327,10003873,24262_MEDELLIN_CEN_BAJ_TRADICIONALES_PEQ_NM,1,1,187,187,187,187,ZZZZZZ
1327,10003524,2313_MEDELLIN_SUR_MINIMERCADOS,24281,5,2453423,248,101.0429,49.6,ZZZZZZ
1327,10003546,3115_SANTANDERES_SUPER_IND_Y_OTRAS_CAD,97040,5,507760,59,5.2325,11.8,ZZZZZZ
1327,10003888,31532_BUCARAMANGA_AREA_METRO_RESTAURANTES_NM,1,1,472,472,472,472,ZZZZZZ
1327,10003672,11512_ATLANTICO_NOR_RESTAURANTES_NM,1,1,456,456,456,456,ZZZZZZ
1327,10003824,19138_BOGOTA_ORI_CAFETERIA,18648,5,5519164,1161,295.9655,232.2,ZZZZZZ
1327,10003581,4445_BOGOTA_NOR_TRADICIONALES_GRD,26098,7,8266594,1528,316.752,218.2857,ZZZZZZ
1327,10003775,19089_CALI_NOR_TRADICIONALES_GRD_NM,1,1,227,227,227,227,ZZZZZZ
1327,10003834,19150_MEDELLIN_SUR_CAFETERIA,26043,5,288159,418,11.0647,83.6,ZZZZZZ
1327,10003538,2610_MEDELLIN_NOR_LICORERIAS,71317,10,2396687,322,33.6061,32.2,ZZZZZZ
1327,10003809,19120_LLANOS_CAFETERIA_NM,1,1,1634,1634,1634,1634,ZZZZZZ
1327,10003514,2113_MEDELLIN_SUR_SUPER_IND_Y_OTRAS_CAD,49430,2,216932,13,4.3887,6.5,ZZZZZZ
1327,10003535,2429_MEDELLIN_SUR_TRADICIONALES_PEQ,11499,6,3721199,706,323.6107,117.6667,ZZZZZZ
1327,10003476,312_SANTANDERES_DISCOTECA,180437,14,985141,71,5.4598,5.0714,ZZZZZZ
1327,10003901,19158_BUCARAMANGA_CAFETERIA_NM,1,1,789,789,789,789,ZZZZZZ
1327,10003691,19010_PEREIRA_AREA_METRO_RESTAURANTES,7864,5,64965,92,8.2611,18.4,ZZZZZZ
1327,10003844,19173_PACIFICO_CAFETERIA_NM,1,1,1573,1573,1573,1573,ZZZZZZ
1327,10003449,142_BARRANQUILLA_AREA_METRO_TRADICIONALES_PEQ,21621,5,3823195,907,176.8279,181.4,ZZZZZZ
1327,10003556,3434_CUCUTA_TRADICIONALES_PEQ,58985,40,12193350,2131,206.7195,53.275,ZZZZZZ
1327,10003595,4622_BOGOTA_SUR_LICORERIAS,107609,10,11126537,435,103.3978,43.5,ZZZZZZ
1327,10003912,19176_MEDELLIN_CEN_BAJ_CAFETERIA_NM,1,1,346,346,346,346,ZZZZZZ
1327,10003881,31122_BUCARAMANGA_BARES,313302,19,10211676,832,32.5937,43.7895,ZZZZZZ
1327,10003887,31522_CUCUTA_RESTAURANTES_NM,1,1,956,956,956,956,ZZZZZZ
1327,10003706,19025_BOGOTA_ORI_BARES,84974,10,30052219,2134,353.6637,213.4,ZZZZZZ
1327,10003453,148_BARRANQUILLA_ORI_TRADICIONALES_PEQ,40535,11,4051154,472,99.9421,42.9091,ZZZZZZ
1327,10003772,19086_CALI_AREA_METRO_TRADICIONALES_PEQ_NM,1,1,399,399,399,399,ZZZZZZ
1327,10003696,19015_META_RESTAURANTES,77827,9,84075,31,1.0803,3.4444,ZZZZZZ
1327,10003456,163_BARRANQUILLA_OCC_LICORERIAS,64349,5,1822076,92,28.3155,18.4,ZZZZZZ
1327,10003820,19136_BOGOTA_NOR_CAFETERIA,19711,5,2576414,964,130.7095,192.8,ZZZZZZ
1327,10003636,7631_LLANOS_LICORERIAS,190192,7,1801416,227,9.4716,32.4286,ZZZZZZ
1327,10003529,2420_MEDELLIN_NOR_TRADICIONALES_PEQ,16971,8,5713684,3370,336.6734,421.25,ZZZZZZ
1327,10003669,8638_CALI_NOR_LICORERIAS,82529,9,2195332,412,26.6007,45.7778,ZZZZZZ
1327,10003450,144_BARRANQUILLA_AREA_METRO_TRADICIONALES_GRD,13034,5,14787424,1553,1134.5269,310.6,ZZZZZZ
1327,10003537,2432_CHOCO_TRADICIONALES,66539,31,16910590,2222,254.1455,71.6774,ZZZZZZ
1327,10003652,8339_CALI_ORI_MINIMERCADOS,22240,5,266393,59,11.9781,11.8,ZZZZZZ
1327,10003593,4620_BOGOTA_NOR_LICORERIAS,42871,5,2047823,357,47.7671,71.4,ZZZZZZ
1327,10003512,2111_MEDELLIN_CEN_ALT_SUPER_IND_Y_OTRAS_CAD,15078,3,54502,8,3.6147,2.6667,ZZZZZZ
1327,10003568,4121_BOGOTA_OCC_SUPER_IND_Y_OTRAS_CAD,17468,2,2125016,135,121.6519,67.5,ZZZZZZ
1327,10003704,19023_CALI_SUR_RESTAURANTES,5041,4,172115,82,34.143,20.5,ZZZZZZ
1327,10003847,21110_MEDELLIN_NOR_BARES,88283,11,7522910,1002,85.2136,91.0909,ZZZZZZ
1327,10003749,19067_CUNDINAMARCA_TRADICIONALES_NM,1,1,886,886,886,886,ZZZZZZ
1327,10003890,11322_ATLANTICO_NOR_CAFETERIA_NM,1,1,486,486,486,486,ZZZZZZ
1327,10003558,3437_BUCARAMANGA_AREA_METRO_TRADICIONALES_PEQ,48998,23,7778844,1595,158.7584,69.3478,ZZZZZZ
1327,10003736,19056_BUCARAMANGA_AREA_METRO_TRADICIONALES_GRD_NM,1,1,62,62,62,62,ZZZZZZ
1327,10003483,1115_ATLANTICO_SUR_BARES,353191,32,104383198,3529,295.5432,110.2813,ZZZZZZ
1327,10003683,19002_BOGOTA_NOR_RESTAURANTES,88861,13,8796177,2206,98.988,169.6923,ZZZZZZ
1327,10003746,19064_BOGOTA_OCC_TRADICIONALES_GRD_NM,1,1,540,540,540,540,ZZZZZZ
1327,10003605,5327_PEREIRA_AREA_METRO_MINIMERCADOS,12872,4,500020,164,38.8456,41,ZZZZZZ
1327,10003870,24222_MEDELLIN_NOR_TRADICIONALES_GRD_NM,1,1,25,25,25,25,ZZZZZZ
1327,10003480,1112_BARRANQUILLA_AREA_METRO_BARES,209037,11,5062626,364,24.2188,33.0909,ZZZZZZ
1327,10003710,19029_BOGOTA_AREA_METRO_BARES,227038,22,43318868,2410,190.8001,109.5455,ZZZZZZ
1327,10003464,194_CENTRO_KIOSKOS,15758,9,1304776,763,82.8009,84.7778,ZZZZZZ
1327,10003680,14142_CARTAGENA_TRADICIONALES_GRD_NM,1,1,170,170,170,170,ZZZZZZ
1327,10003611,5466_PEREIRA_TRADICIONALES_GRD,19827,8,1423019,437,71.7718,54.625,ZZZZZZ
1327,10003578,4324_BOGOTA_AREA_METRO_MINIMERCADOS,12151,5,545254,516,44.8732,103.2,ZZZZZZ
1327,10003803,19111_VALLE_DEL_CAUCA_RESTAURANTES_NM,1,1,1870,1870,1870,1870,ZZZZZZ
1327,10003725,19044_CALI_ORI_BARES,56031,5,4627885,336,82.5951,67.2,ZZZZZZ
1327,10003896,19152_ATLAN_NOR_RESTO_CAFETERIA_NM,1,1,1959,1959,1959,1959,ZZZZZZ
1327,10003866,24162_ANTIOQUIA_TRADICIONALES_NM,1,1,1512,1512,1512,1512,ZZZZZZ
1327,10003580,4443_BOGOTA_NOR_TRADICIONALES_PEQ,26484,10,16310402,2286,615.8587,228.6,ZZZZZZ
1327,10003490,1153_BARRANQUILLA_OCC_RESTAURANTES,30848,6,321233,98,10.4134,16.3333,ZZZZZZ
1327,10003575,4321_BOGOTA_OCC_MINIMERCADOS,15773,6,5201946,789,329.8007,131.5,ZZZZZZ
1327,10003807,19115_CALI_SUR_RESTAURANTES_NM,1,1,264,264,264,264,ZZZZZZ
1327,10005726,19130_BUCARAMANGA_CAFETERIA_NOV18,41573,14,1427696,351,34.3419,25.0714,ZZZZZZ
1327,10003801,19109_PUTUMAYO_RESTAURANTES_NM,1,1,643,643,643,643,ZZZZZZ
1327,10003816,19131_CUCUTA_CAFETERIA,2262,5,33159,278,14.6592,55.6,ZZZZZZ
1327,10003812,19127_BARRANQUILLA_OCC_CAFETERIA,7514,5,287012,250,38.197,50,ZZZZZZ
1327,10003701,19020_CALI_AREA_METRO_RESTAURANTES,631,3,13738,168,21.7718,56,ZZZZZZ
1327,10003786,19099_BOGOTA_AREA_METRO_RESTAURANTES_NM,1,1,1874,1874,1874,1874,ZZZZZZ
1327,10003436,113_BARRANQUILLA_OCC_SUPER_IND_Y_OTRAS_CAD,17670,3,116864,20,6.6137,6.6667,ZZZZZZ
1327,10003818,19134_PEREIRA_CAFETERIA,4890,5,98384,453,20.1194,90.6,ZZZZZZ
1327,10003547,3116_CUCUTA_SUPER_IND_Y_OTRAS_CAD,45863,5,201894,33,4.4021,6.6,ZZZZZZ
1327,10003879,31120_CUCUTA_BARES,443509,30,11637925,1165,26.2406,38.8333,ZZZZZZ
1327,10003690,19009_EJE_CAFETERO_RESTAURANTES,23321,15,1721229,731,73.806,48.7333,ZZZZZZ
1327,10003810,19122_PUTUMAYO_CAFETERIA_NM,1,1,345,345,345,345,ZZZZZZ
1327,10003685,19004_BOGOTA_OCC_RESTAURANTES,10031,9,2940585,1233,293.1497,137,ZZZZZZ
1327,10003614,5628_PEREIRA_LICORERIAS,46994,6,1328028,174,28.2595,29,ZZZZZZ
1327,10003579,4325_BOYACA_MINIMERCADOS,15803,9,2438596,1163,154.3122,129.2222,ZZZZZZ
1327,10003648,8335_PACIFICO_MINIMERCADOS,38913,8,2361598,350,60.6892,43.75,ZZZZZZ
1327,10003836,19153_ATLANTICO_SUR_CAFETERIA_NM,1,1,1334,1334,1334,1334,ZZZZZZ
1327,10003454,161_ATLANTICO_NOR_LICORERIAS,46316,6,3883922,259,83.857,43.1667,ZZZZZZ
1327,10003675,11542_BARRANQUILLA_ORI_RESTAURANTES_NM,1,1,870,870,870,870,ZZZZZZ
1327,10003776,19090_CALI_ORITRADICIONALES_PEQ_NM,1,1,936,936,936,936,ZZZZZZ
1327,10003861,21532_MEDELLIN_NOR_RESTAURANTES_NM,1,1,365,365,365,365,ZZZZZZ
1327,10003656,8478_VALLE_DEL_CAUCA_TRADICIONALES,35325,23,25440237,8450,720.1766,367.3913,ZZZZZZ
1327,10003475,299_META_KIOSKOS,38332,4,714921,200,18.6508,50,ZZZZZZ
1327,10003702,19021_CALI_NOR_RESTAURANTES,8196,6,948516,556,115.7291,92.6667,ZZZZZZ
1327,10003591,4459_BOYACA_TRADICIONALES,103488,26,22195051,4930,214.4698,189.6154,ZZZZZZ
1327,10003698,19017_PUTUMAYO_RESTAURANTES,3022,5,58911,55,19.494,11,ZZZZZZ
1327,10003661,8485_CALI_ORI_TRADICIONALES_PEQ,41453,24,10590523,3577,255.4827,149.0417,ZZZZZZ
1327,10003498,1412_CARTAGENA_TRADICIONALES_PEQ,66880,17,11406338,1346,170.5493,79.1765,ZZZZZZ
1327,10092648,CARTAGENA_RESTAURANTES_CAFETERIAS,98952,24,2085679,607,21.0777,25.2917,ZZZZZZ
1327,10003569,4122_BOGOTA_SUR_SUPER_IND_Y_OTRAS_CAD,197964,5,710546,114,3.5893,22.8,ZZZZZZ
1327,10003469,219_MEDELLIN_AREA_METRO_SUPER_IND_Y_OTRAS_CAD,17511,5,230907,44,13.1864,8.8,ZZZZZZ
1327,10003526,2416_ANTIOQUIA_TRADICIONALES,85603,26,28517258,7296,333.1339,280.6154,ZZZZZZ
1327,10003840,19164_BOGOTA_NOR_CAFETERIA_NM,1,1,2303,2303,2303,2303,ZZZZZZ
1327,10003899,19156_BARRANQUILLA_ORI_CAFETERIA_NM,1,1,629,629,629,629,ZZZZZZ
1327,10003856,21511_MEDELLIN_CEN_ALT_RESTAURANTES,7872,5,1089523,449,138.4049,89.8,ZZZZZZ
1327,10003435,112_ATLANTICO_DISCOTECA,618432,26,1699625,176,2.7483,6.7692,ZZZZZZ
1327,10003573,4319_BOGOTA_NOR_MINIMERCADOS,34976,8,4131476,846,118.1232,105.75,ZZZZZZ
1327,10003482,1114_BARRANQUILLA_ORI_BARES,614766,37,22940069,674,37.3151,18.2162,ZZZZZZ
1327,10003474,298_LLANOS_KIOSKOS,23726,6,1553358,206,65.4707,34.3333,ZZZZZZ
1327,10003516,2118_ANTIOQUIA_BARES,165454,25,25966131,5186,156.9387,207.44,ZZZZZZ
1327,10003897,19154_BARR_AREA_METRO_CAFETERIA_NM,1,1,294,294,294,294,ZZZZZZ
1327,10003607,5460_EJE_CAFETERO_TRADICIONALES,20813,20,23912997,5913,1148.9452,295.65,ZZZZZZ
1327,10003823,19137_BOGOTA_OCC_CAFETERIA_AGO2018,2389,3,173366,1031,72.5684,343.6667,ZZZZZZ
1327,10003867,24172_MEDELLIN_AREA_METRO_TRADICIONALES_PEQ_NM,1,1,250,250,250,250,ZZZZZZ
1327,10003518,2121_ANTIOQUIA_DISCOTECA,469016,48,2637570,309,5.6236,6.4375,ZZZZZZ
1327,10003565,3618_BUCARAMANGA_LICORERIAS,138554,8,2651709,176,19.1385,22,ZZZZZZ
1327,10003467,197_EJE_CAFETERO_KIOSKOS,4380,6,943007,1983,215.2984,330.5,ZZZZZZ
1327,10003771,19085_VALLE_DEL_CAUCA_TRADICIONALES_NM,1,1,1426,1426,1426,1426,ZZZZZZ
1327,10003499,1414_CARTAGENA_TRADICIONALES_GRD,165866,34,16974619,1501,102.3394,44.1471,ZZZZZZ
1327,10003767,19082_VILLAVICENCIO_TRADICIONALES_GRD_NM,1,1,172,172,172,172,ZZZZZZ
1327,10003507,1472_BARRANQUILLA_OCC_TRADICIONALES_GRD_NM,1,1,302,302,302,302,ZZZZZZ
1327,10003585,4451_BOGOTA_OCC_TRADICIONALES_GRD,12380,11,16539680,2225,1336,202.2727,ZZZZZZ
1327,10003616,6130_IBAGUE_SUPER_IND_Y_OTRAS_CAD,12630,3,168247,22,13.3212,7.3333,ZZZZZZ
1327,10003495,1402_BARRANQUILLA_ORI_TRADICIONALES_GRD_NM,1,1,273,273,273,273,ZZZZZZ
1327,10003519,2158_ANTIOQUIA_RESTAURANTES,40208,20,5537653,1908,137.7252,95.4,ZZZZZZ
1327,10003851,21114_CHOCO_BARES,31611,7,3351208,1205,106.014,172.1429,ZZZZZZ
1327,10003903,19162_PEREIRA_CAFETERIA_NM,1,1,523,523,523,523,ZZZZZZ
1327,10003723,19042_CALI_AREA_METRO_BARES,176208,16,6841089,489,38.8239,30.5625,ZZZZZZ
1327,10003540,2612_MEDELLIN_CEN_BAJ_LICORERIAS,67900,5,189319,119,2.7882,23.8,ZZZZZZ
1327,10003780,19093_CALI_SUR_TRADICIONALES_GRD_NM,1,1,32,32,32,32,ZZZZZZ
1327,10003860,21522_MEDELLIN_AREA_METRO_RESTAURANTES_NM,1,1,545,545,545,545,ZZZZZZ
1327,10003682,14402_ATLANTICO_SUR_TRADICIONALES_NM,1,1,9025,9025,9025,9025,ZZZZZZ
1327,10003831,19147_MEDELLIN_CEN_ALT_CAFETERIA,12265,5,2796057,422,227.9704,84.4,ZZZZZZ
1327,10003504,1442_BARRANQUILLA_AREA_METRO_TRADICIONALES_GRD_NM,1,1,413,413,413,413,ZZZZZZ
1327,10003555,3433_SANTANDERES_TRADICIONALES,55115,12,39124120,5821,709.8634,485.0833,ZZZZZZ
1327,10003715,19034_CENTRO_BARES,420401,40,35831576,2622,85.2319,65.55,ZZZZZZ
1327,10003779,19092_CALI_SUR_TRADICIONALES_PEQ_NM,1,1,53,53,53,53,ZZZZZZ
1327,10003590,4458_BOGOTA_AREA_METRO_TRADICIONALES_GRD,47635,7,4999533,995,104.955,142.1429,ZZZZZZ
1327,10003517,2119_MEDELLIN_AREA_METRO_BARES,204567,21,11160634,1926,54.5574,91.7143,ZZZZZZ
1327,10003891,19116_CENTRO_CAFETERIA_NM,1,1,2411,2411,2411,2411,ZZZZZZ
1327,10003621,6468_IBAGUE_TRADICIONALES_PEQ,50309,17,5281845,1358,104.9881,79.8824,ZZZZZZ
1327,10003676,11552_ATLANTICO_SUR_RESTAURANTES_NM,1,1,2560,2560,2560,2560,ZZZZZZ
1327,10003603,5153_ANTIOQUIA_RESTAURANTES_NM,1,1,1287,1287,1287,1287,ZZZZZZ
1327,10003587,4454_BOGOTA_SUR_TRADICIONALES_GRD,104477,25,22357013,2971,213.9898,118.84,ZZZZZZ
1327,10003532,2425_MEDELLIN_CEN_ALT_TRADICIONALES_GRD,18857,5,1510681,245,80.1125,49,ZZZZZZ
1327,10092645,CALI_ORI_RESTAURANTES_CAFETERIAS,17237,9,999093,347,57.9621,38.5556,ZZZZZZ
1327,10003631,7333_VILLAVICENCIO_MINIMERCADOS,42179,14,614232,425,14.5625,30.3571,ZZZZZZ
1327,10003726,19045_CALI_SUR_BARES,57144,5,631715,62,11.0548,12.4,ZZZZZZ
1327,10003692,19011_PEREIRA_RESTAURANTES,7260,5,104286,212,14.3645,42.4,ZZZZZZ
1327,10003766,19081_VILLAVICENCIO_TRADICIONALES_PEQ_NM,1,1,524,524,524,524,ZZZZZZ
1327,10003451,145_BARRANQUILLA_OCC_TRADICIONALES_PEQ,73721,17,12308624,600,166.9622,35.2941,ZZZZZZ
1327,10003712,19031_EJE_CAFETERO_BARES,204609,25,17239008,1824,84.2534,72.96,ZZZZZZ
1327,10003724,19043_CALI_NOR_BARES,235152,22,18561185,1057,78.9327,48.0455,ZZZZZZ
1327,10003589,4456_BOGOTA_AREA_METRO_TRADICIONALES_PEQ,45904,10,17720613,2571,386.0364,257.1,ZZZZZZ
1327,10003655,8477_PACIFICO_TRADICIONALES,18036,21,25003666,9115,1386.3199,434.0476,ZZZZZZ
1327,10003551,3315_SANTANDERES_MINIMERCADOS,58341,16,5846965,869,100.2205,54.3125,ZZZZZZ
1327,10005727,19133_PEREIRA_AREA_METRO_CAFETERIA_ENE19,10898,5,1927311,129,176.85,25.8,ZZZZZZ
1327,10003761,19077_IBAGUE_TRADICIONALES_PEQ_NM,1,1,387,387,387,387,ZZZZZZ
1327,10003886,31518_BUCARAMANGA_RESTAURANTES,11503,12,2218174,966,192.8344,80.5,ZZZZZZ
1327,10003794,19104_CENTRO_RESTAURANTES_NM,1,1,2658,2658,2658,2658,ZZZZZZ
1327,10003666,8635_PACIFICO_LICORERIAS,41639,11,5830052,890,140.0142,80.9091,ZZZZZZ
1327,10003893,19119_EJE_CAFETERO_CAFETERIA_NM,1,1,2248,2248,2248,2248,ZZZZZZ
1327,10003705,19024_BOGOTA_NOR_BARES,183458,20,52727723,3319,287.4103,165.95,ZZZZZZ
1327,10003596,4623_CUNDINAMARCA_LICORERIAS,75670,6,1279852,148,16.9136,24.6667,ZZZZZZ
1327,10003513,2112_MEDELLIN_CEN_BAJ_SUPER_IND_Y_OTRAS_CAD,16219,3,52743,11,3.2519,3.6667,ZZZZZZ
1327,10003560,3440_BUCARAMANGA_TRADICIONALES_PEQ,25938,12,3954877,1437,152.4742,119.75,ZZZZZZ
1327,10003805,19113_CALI_NOR_RESTAURANTES_NM,1,1,2019,2019,2019,2019,ZZZZZZ
1327,10003460,167_ATLANTICO_NOR_RESTO_LICORERIAS,335148,25,13675906,726,40.8056,29.04,ZZZZZZ
1327,10003582,4446_BOGOTA_ORI_TRADICIONALES_PEQ,16594,6,2931561,1025,176.6639,170.8333,ZZZZZZ
1327,10092650,SANTANDERES_RESTAURANTES_CAFETERIAS,65398,22,13923371,1939,212.9021,88.1364,ZZZZZZ
1327,10003500,1415_ATLANTICO_NOR_RESTO_TRADICIONALES,66781,27,48699606,10703,729.2434,396.4074,ZZZZZZ
1327,10003452,147_BARRANQUILLA_OCC_TRADICIONALES_GRD,47314,15,8196147,1210,173.2288,80.6667,ZZZZZZ
1327,10003835,19151_ANTIOQUIA_CAFETERIA,9835,5,3418880,2063,347.6238,412.6,ZZZZZZ
1327,10003695,19014_LLANOS_RESTAURANTES,7856,5,262124,426,33.3661,85.2,ZZZZZZ
1327,10003659,8482_CALI_NOR_TRADICIONALES_PEQ,61369,20,11598270,3226,188.9923,161.3,ZZZZZZ
1327,10003748,19066_BOGOTA_SUR_TRADICIONALES_GRD_NM,1,1,589,589,589,589,ZZZZZZ
1327,10003670,8639_CALI_ORI_LICORERIAS,29181,5,1075559,241,36.8582,48.2,ZZZZZZ
1327,10003468,218_ANTIOQUIA_SUPER_IND_Y_OTRAS_CAD,53931,4,2638790,99,48.929,24.75,ZZZZZZ
1327,10003601,5128_PEREIRA_SUPER_IND_Y_OTRAS_CAD,9429,3,13223,4,1.4024,1.3333,ZZZZZZ
1327,10003859,21514_CHOCO_RESTAURANTES,1555,5,472567,376,303.9016,75.2,ZZZZZZ
1327,10003808,19118_BOYACA_CAFETERIA_NM,1,1,3245,3245,3245,3245,ZZZZZZ
1327,10003638,7633_VILLAVICENCIO_LICORERIAS,93105,5,949840,136,10.2018,27.2,ZZZZZZ
1327,10003564,3617_BUCARAMANGA_AREA_METRO_LICORERIAS,165370,5,3751268,103,22.6841,20.6,ZZZZZZ
1327,10003714,19033_PEREIRA_BARES,167595,15,8736560,352,52.129,23.4667,ZZZZZZ
1327,10003479,1111_ATLANTICO_NOR_BARES,301599,18,28993730,1137,96.1334,63.1667,ZZZZZZ
1327,10003740,19059_BOGOTA_NOR_TRADICIONALES_PEQ_NM,1,1,705,705,705,705,ZZZZZZ
1327,10003521,2310_MEDELLIN_NOR_MINIMERCADOS,12669,6,1405616,403,110.9492,67.1667,ZZZZZZ
1327,10003658,8481_CALI_AREA_METRO_TRADICIONALES_GRD,16476,5,1367795,348,83.0174,69.6,ZZZZZZ
1327,10003854,21332_CHOCO_CAFETERIA_NM,1,1,226,226,226,226,ZZZZZZ
1327,10003534,2428_MEDELLIN_CEN_BAJ_TRADICIONALES_GRD,33925,8,3339543,445,98.439,55.625,ZZZZZZ
1327,10003900,19157_CARTAGENA_CAFETERIA_NM,1,1,871,871,871,871,ZZZZZZ
1327,10003727,19046_BOGOTA_AREA_METRO_CAFETERIA,13420,5,1296795,723,96.6315,144.6,ZZZZZZ
1327,10003633,7472_META_TRADICIONALES,6706,5,3113091,948,464.2247,189.6,ZZZZZZ
1327,10003497,1411_ATLANTICO_SUR_TRADICIONALES,76370,26,33343852,6358,436.6093,244.5385,ZZZZZZ
1327,10003647,8334_PUTUMAYO_MINIMERCADOS,11284,8,1133736,583,100.4729,72.875,ZZZZZZ
1327,10003641,8134_PACIFICO_SUPER_IND_Y_OTRAS_CAD,73557,5,902263,37,12.2662,7.4,ZZZZZZ
1327,10003632,7471_LLANOS_TRADICIONALES,79195,30,17928766,3702,226.3876,123.4,ZZZZZZ
1327,10003753,19070_BOYACA_TRADICIONALES_NM,1,1,807,807,807,807,ZZZZZZ
1327,10003733,19053_CUCUTA_TRADICIONALES_PEQ_NM,1,1,1083,1083,1083,1083,ZZZZZZ
1327,10003586,4452_BOGOTA_SUR_TRADICIONALES_PEQ,89113,29,27712800,4917,310.9849,169.5517,ZZZZZZ
1327,10003600,5127_PEREIRA_AREA_METRO_SUPER_IND_Y_OTRAS_CAD,2661,2,31809,10,11.9538,5,ZZZZZZ
1327,10003719,19038_VILLAVICENCIO_BARES,298950,30,16110161,1120,53.8891,37.3333,ZZZZZZ
1327,10003741,19060_BOGOTA_NOR_TRADICIONALES_GRD_NM,1,1,295,295,295,295,ZZZZZZ
1327,10003667,8636_VALLE_DEL_CAUCA_LICORERIAS,42331,18,4623711,738,109.2275,41,ZZZZZZ
1327,10003673,11522_BARRANQUILLA_AREA_METRO_RESTAURANTES_NM,1,1,278,278,278,278,ZZZZZZ
1327,10003729,19048_LLANOS_CAFETERIA,16395,5,1648693,846,100.5607,169.2,ZZZZZZ
1327,10003471,239_MEDELLIN_AREA_METRO_MINIMERCADOS,10560,7,2057563,326,194.845,46.5714,ZZZZZZ
1327,10003784,19097_BOGOTA_SUR_RESTAURANTES_NM,1,1,3260,3260,3260,3260,ZZZZZZ
1327,10003554,3318_BUCARAMANGA_MINIMERCADOS,17357,6,879684,243,50.6818,40.5,ZZZZZZ
1327,10003536,2431_MEDELLIN_SUR_TRADICIONALES_GRD,63951,5,2495095,204,39.0157,40.8,ZZZZZZ
1327,10003852,21321_MEDELLIN_AREA_METRO_CAFETERIA,10248,5,3760402,721,366.9401,144.2,ZZZZZZ
1327,10003473,269_MEDELLLIN_AREA_METRO_LICORERIAS,33645,5,2037492,392,60.5585,78.4,ZZZZZZ
1327,10003665,8634_PUTUMAYO_LICORERIAS,22101,7,3107231,214,140.5923,30.5714,ZZZZZZ
1327,10003625,7127_META_DISCOTECA,19793,4,63811,18,3.2239,4.5,ZZZZZZ
1327,10003485,1117_ATLANTICO_NOR_RESTO_BARES,777084,49,77881236,5633,100.2224,114.9592,ZZZZZZ
1327,10003448,141_ATLANTICO_NOR_TRADICIONALES,12057,4,9296161,1407,771.0177,351.75,ZZZZZZ
1327,10092653,BOYACA_RESTAURANTES_CAFETERIAS,52664,25,8888703,4144,168.7814,165.76,ZZZZZZ
1327,10003841,19169_VILLAVICENCIO_CAFETERIA_NM,1,1,777,777,777,777,ZZZZZZ
1327,10092654,CUNDINAMARCA_RESTAURANTES_CAFETERIAS,191318,39,7710762,1745,40.3034,44.7436,ZZZZZZ
1327,10003489,1152_BARRANQUILLA_AREA_METRO_RESTAURANTES,7957,5,111382,110,13.998,22,ZZZZZZ
1327,10003481,1113_BARRANQUILLA_OCC_BARES,417531,13,14718645,496,35.2516,38.1538,ZZZZZZ
1327,10003874,24282_MEDELLIN_CEN_BAJ_TRADICIONALES_GRD_NM,1,1,17,17,17,17,ZZZZZZ
1327,10003721,19040_PUTUMAYO_BARES,60885,5,6868953,929,112.8185,185.8,ZZZZZZ
1327,10003624,6630_IBAGUE_LICORERIAS,71963,6,1687195,173,23.4453,28.8333,ZZZZZZ
1327,10003650,8337_CALI_AREA_METRO_MINIMERCADOS,5926,6,437702,81,73.8613,13.5,ZZZZZZ
1327,10003868,24192_MEDELLIN_AREA_METRO_TRADICIONALES_GRD_NM,1,1,33,33,33,33,ZZZZZZ
1327,10003828,19142_CALI_NOR_CAFETERIA,4277,5,553980,391,129.5254,78.2,ZZZZZZ
1327,10003620,6467_CENTRO_TRADICIONALES,76739,35,32377742,6531,421.9203,186.6,ZZZZZZ
1327,10003629,7331_LLANOS_MINIMERCADOS,68517,17,906230,988,13.2264,58.1176,ZZZZZZ
1327,10003790,19101_EJE_CAFETERO_RESTAURANTES_NM,1,1,1760,1760,1760,1760,ZZZZZZ
1327,10003732,19052_SANTANDERES_TRADICIONALES_NM,1,1,3030,3030,3030,3030,ZZZZZZ
1327,10003530,2422_MEDELLIN_NOR_TRADICIONALES_GRD,33377,10,2949277,617,88.3626,61.7,ZZZZZZ
1327,10003646,8139_CALI_SUR_SUPER_IND_Y_OTRAS_CAD,46410,3,231159,5,4.9808,1.6667,ZZZZZZ
1327,10003734,19054_CUCUTA_TRADICIONALES_GRD_NM,1,1,70,70,70,70,ZZZZZZ
1327,10003606,5328_PEREIRA_MINIMERCADOS,9415,6,907017,150,96.3374,25,ZZZZZZ
1327,10003865,21572_CHOCO_RESTAURANTES_NM,1,1,307,307,307,307,ZZZZZZ
1327,10003787,19100_BOYACA_RESTAURANTES_NM,1,1,2054,2054,2054,2054,ZZZZZZ
1327,10003566,4119_BOGOTA_NOR_SUPER_IND_Y_OTRAS_CAD,63449,5,823722,152,12.9824,30.4,ZZZZZZ
1327,10003838,19161_PEREI_AREA_METRO_CAFETERIA_NM,1,1,228,228,228,228,ZZZZZZ
1327,10003911,19175_MEDELLIN_CEN_ALT_CAFETERIA_NM,1,1,245,245,245,245,ZZZZZZ
1327,10003627,7132_VILLAVICENCIO_SUPER_IND_Y_OTRAS_CAD,5507,3,90731,34,16.4756,11.3333,ZZZZZZ
1327,10003660,8484_CALI_NOR_TRADICIONALES_GRD,28159,9,3348887,1072,118.9278,119.1111,ZZZZZZ
1327,10003722,19041_VALLE_DEL_CAUCA_BARES,165289,18,19936418,2459,120.6155,136.6111,ZZZZZZ
1327,10003830,19146_VALLE_DEL_CAUCA_CAFETERIA,24467,5,1873787,1208,76.5843,241.6,ZZZZZZ
1327,10003700,19019_VALLE_DEL_CAUCA_RESTAURANTES,12345,5,1783693,658,144.4871,131.6,ZZZZZZ
1327,10003543,2910_PUTUMAYO_KIOSKOS,74,5,74,54,1,10.8,ZZZZZZ
1327,10003583,4448_BOGOTA_ORI_TRADICIONALES_GRD,9881,5,3993607,830,404.1703,166,ZZZZZZ
1327,10003663,8488_CALI_SUR_TRADICIONALES_PEQ,14608,5,1297633,341,88.8303,68.2,ZZZZZZ
1327,10003443,133_BARRANQUILLA_OCC_MINIMERCADOS,23279,5,46653,47,2.0041,9.4,ZZZZZZ
1327,10003742,19061_BOGOTA_ORI_TRADICIONALES_PEQ_NM,1,1,543,543,543,543,ZZZZZZ
1327,10003623,6629_CENTRO_LICORERIAS,230397,20,8027840,487,34.8435,24.35,ZZZZZZ
1327,10005734,19126_BARR_AREA_METRO_CAFETERIA_NOV18,18072,5,101984,32,5.6432,6.4,ZZZZZZ
1327,10003908,19171_CALI_ORI_CAFETERIA_NM,1,1,102,102,102,102,ZZZZZZ
1327,10003649,8336_VALLE_DEL_CAUCA_MINIMERCADOS,13043,7,587737,330,45.0615,47.1429,ZZZZZZ
1327,10003837,19159_CUCUTA_CAFETERIA_NM,1,1,647,647,647,647,ZZZZZZ
1327,10003561,3442_BUCARAMANGA_TRADICIONALES_GRD,40952,10,4077948,755,99.5787,75.5,ZZZZZZ
1327,10003679,13402_CARTAGENA_TRADICIONALES_PEQ_NM,1,1,519,519,519,519,ZZZZZZ
1327,10003572,4125_BOYACA_SUPER_IND_Y_OTRAS_CAD,202876,13,1397106,111,6.8865,8.5385,ZZZZZZ
1327,10003549,3118_BUCARAMANGA_SUPER_IND_Y_OTRAS_CAD,22063,5,609623,53,27.631,10.6,ZZZZZZ
1327,10003862,21542_MEDELLIN_CEN_ALT_RESTAURANTES_NM,1,1,364,364,364,364,ZZZZZZ
1327,10003913,19177_MEDELLIN_NOR_CAFETERIA_NM,1,1,523,523,523,523,ZZZZZZ
1327,10003584,4449_BOGOTA_OCC_TRADICIONALES_PEQ,42588,14,9478775,2968,222.5692,212,ZZZZZZ
1327,10003684,19003_BOGOTA_ORI_RESTAURANTES,44714,17,5419821,2351,121.2108,138.2941,ZZZZZZ
1327,10003634,7473_VILLAVICENCIO_TRADICIONALES_PEQ,52952,16,6900144,1558,130.3094,97.375,ZZZZZZ
1327,10003802,19110_PACIFICO_RESTAURANTES_NM,1,1,2885,2885,2885,2885,ZZZZZZ
1327,10003709,19028_CUNDINAMARCA_BARES,320940,28,23740332,2837,73.9712,101.3214,ZZZZZZ
1327,10003713,19032_PEREIRA_AREA_METRO_BARES,54419,6,1557722,191,28.6246,31.8333,ZZZZZZ
1327,10003592,4619_BOGOTA_ORI_LICORERIAS,29688,5,1677952,348,56.5195,69.6,ZZZZZZ
1327,10003871,24232_MEDELLIN_CEN_ALT_TRADICIONALES_PEQ_NM,1,1,140,140,140,140,ZZZZZZ
1327,10003612,5626_EJE_CAFETERO_LICORERIAS,81705,17,7815693,558,95.6575,32.8235,ZZZZZZ
1327,10003671,8640_CALI_SUR_LICORERIAS,42917,5,300453,94,7.0008,18.8,ZZZZZZ
1327,10003880,31121_BUCARAMANGA_AREA_METRO_BARES,150015,17,7243848,507,48.2875,29.8235,ZZZZZZ
1327,10003904,19165_BOGOTA_OCC_CAFETERIA_NM,1,1,2416,2416,2416,2416,ZZZZZZ
1327,10003743,19062_BOGOTA_ORI_TRADICIONALES_GRD_NM,1,1,138,138,138,138,ZZZZZZ
1327,10003615,6129_CENTRO_SUPER_IND_Y_OTRAS_CAD,64076,10,1542124,156,24.0671,15.6,ZZZZZZ
1327,10092651,CENTRO_RESTAURANTES_CAFETERIAS,57418,24,6232222,2098,108.5413,87.4167,ZZZZZZ
1327,10003438,115_ATLANTICO_SUR_SUPER_IND_Y_OTRAS_CAD,6782,4,13092,102,1.9304,25.5,ZZZZZZ
1327,10003755,19072_PEREIRA_AREA_METRO_TRADICIONALES_PEQ_NM,1,1,313,313,313,313,ZZZZZZ
1327,10003747,19065_BOGOTA_SUR_TRADICIONALES_PEQ_NM,1,1,1708,1708,1708,1708,ZZZZZZ
1327,10003778,19091_CALI_ORI_TRADICIONALES_GRD_NM,1,1,134,134,134,134,ZZZZZZ
1327,10003447,137_ATLANTICO_NOR_RESTO_MINIMERCADOS,20010,6,222055,370,11.0972,61.6667,ZZZZZZ
1327,10003642,8135_VALLE_DEL_CAUCA_SUPER_IND_Y_OTRAS_CAD,33878,5,836184,48,24.6822,9.6,ZZZZZZ
1327,10003491,1154_BARRANQUILLA_ORI_RESTAURANTES,43467,7,2534511,503,58.3089,71.8571,ZZZZZZ
1327,10003745,19063_BOGOTA_OCC_TRADICIONALES_PEQ_NM,1,1,987,987,987,987,ZZZZZZ
1327,10003717,19036_LLANOS_BARES,528847,45,34889133,3539,65.9721,78.6444,ZZZZZZ
1327,10005735,19051_CALI_AREA_METRO_CAFETERIA_NOV18,521,5,757,221,1.453,44.2,ZZZZZZ
1327,10003688,19007_BOGOTA_AREA_METRO_RESTAURANTES,5613,9,2760291,1052,491.7675,116.8889,ZZZZZZ
1327,10003668,8637_CALI_AREA_METRO_LICORERIAS,41792,5,2457317,226,58.7987,45.2,ZZZZZZ
1327,10092652,VILLAVICENCIO_RESTAURANTES_CAFETERIAS,31241,19,2652586,1108,84.9072,58.3158,ZZZZZZ
1327,10003872,24252_MEDELLIN_CEN_ALT_TRADICIONALES_GRD_NM,1,1,10,10,10,10,ZZZZZZ
1327,10003644,8137_CALI_NOR_SUPER_IND_Y_OTRAS_CAD,18843,3,1070427,47,56.8077,15.6667,ZZZZZZ
1327,10003863,21552_MEDELLIN_CEN_BAJ_RESTAURANTES_NM,1,1,625,625,625,625,ZZZZZZ
1327,10003916,31322_BUC_AREA_METRO_CAFETERIA_NM,1,1,253,253,253,253,ZZZZZZ
1327,10003762,19078_IBAGUE_TRADICIONALES_GRD_NM,1,1,151,151,151,151,ZZZZZZ
1327,10003829,19145_PACIFICO_CAFETERIA,16702,6,723018,460,43.2893,76.6667,ZZZZZZ
1327,10003825,19139_BOGOTA_SUR_CAFETERIA,1387,5,162848,1478,117.4102,295.6,ZZZZZZ
1327,10003806,19114_CALI_ORI_RESTAURANTES_NM,1,1,451,451,451,451,ZZZZZZ
1327,10092655,ATLANTICO_NOR_RESTO_RESTAURANTES_CAFETERIAS,130875,41,8886459,2085,67.9004,50.8537,ZZZZZZ
1327,10003898,19155_BARRANQUILLA_OCC_CAFETERIA_NM,1,1,221,221,221,221,ZZZZZZ
1327,10092646,MEDELLIN_CEN_BAJ_RESTAURANTES_CAFETERIAS,26571,12,2766055,599,104.1005,49.9167,ZZZZZZ
1327,10003503,1432_ATLANTICO_NOR_TRADICIONALES_NM,1,1,1488,1488,1488,1488,ZZZZZZ
1327,10003559,3439_BUCARAMANGA_AREA_METRO_TRADICIONALES_GRD,14577,7,1880841,668,129.028,95.4286,ZZZZZZ
1327,10003588,4455_CUNDINAMARCA_TRADICIONALES,96153,14,38119306,3574,396.4443,255.2857,ZZZZZZ
1327,10003533,2426_MEDELLIN_CEN_BAJ_TRADICIONALES_PEQ,11139,6,2066968,1161,185.5614,193.5,ZZZZZZ
1327,10003544,2911_PACIFICO_KIOSKOS,18783,13,958674,1485,51.0395,114.2308,ZZZZZZ
1327,10003720,19039_PACIFICO_BARES,147238,11,21782847,1414,147.9431,128.5455,ZZZZZZ
1327,10003457,164_BARRANQUILLA_ORI_LICORERIAS,26464,5,2637383,221,99.6593,44.2,ZZZZZZ
1327,10003884,31516_CUCUTA_RESTAURANTES,21012,8,1830163,453,87.1008,56.625,ZZZZZZ
1327,10003799,19108_VILLAVICENCIO_RESTAURANTES_NM,1,1,1219,1219,1219,1219,ZZZZZZ
1327,10003699,19018_PACIFICO_RESTAURANTES,11034,8,202569,690,18.3586,86.25,ZZZZZZ
1327,10003626,7131_LLANOS_SUPER_IND_Y_OTRAS_CAD,51193,5,503066,91,9.8269,18.2,ZZZZZZ
1327,10003708,19027_BOGOTA_SUR_BARES,294118,33,63871072,4400,217.1614,133.3333,ZZZZZZ
1327,10003906,19167_BOGOTA_SUR_CAFETERIA_NM,1,1,2901,2901,2901,2901,ZZZZZZ
1327,10003553,3317_BUCARAMANGA_AREA_METRO_MINIMERCADOS,9011,5,521173,263,57.8374,52.6,ZZZZZZ
1327,10003839,19163_IBAGUE_CAFETERIA_NM,1,1,802,802,802,802,ZZZZZZ
1327,10003765,19080_META_TRADICIONALES_NM,1,1,224,224,224,224,ZZZZZZ
1327,10003528,2419_MEDELLIN_AREA_METRO_TRADICIONALES_GRD,30330,7,2037276,416,67.1703,59.4286,ZZZZZZ
1327,10003677,11562_CARTAGENA_RESTAURANTES_NM,1,1,894,894,894,894,ZZZZZZ
1327,10003597,4624_BOGOTA_AREA_METRO_LICORERIAS,35186,5,589924,167,16.7659,33.4,ZZZZZZ
1327,10003630,7332_META_MINIMERCADOS,59473,8,379676,142,6.384,17.75,ZZZZZZ
1327,10092656,ATLANTICO_SUR_RESTAURANTES_CAFETERIAS,37709,20,4248250,1705,112.6588,85.25,ZZZZZZ
1327,10003515,2114_CHOCO_SUPER_IND_Y_OTRAS_CAD,15278,2,32085,20,2.1001,10,ZZZZZZ
1327,10003640,8133_PUTUMAYO_SUPER_IND_Y_OTRAS_CAD,22972,5,547043,60,23.8135,12,ZZZZZZ
1327,10003783,19096_BOGOTA_OCC_RESTAURANTES_NM,1,1,3381,3381,3381,3381,ZZZZZZ
1327,10003531,2423_MEDELLIN_CEN_ALT_TRADICIONALES_PEQ,17918,4,2629824,1053,146.77,263.25,ZZZZZZ
1327,10003730,19049_META_CAFETERIA,25168,5,32716,112,1.2999,22.4,ZZZZZZ
1327,10003907,19168_CUNDINAMARCA_CAFETERIA_NM,1,1,1914,1914,1914,1914,ZZZZZZ
1327,10003439,116_CARTAGENA_SUPER_IND_Y_OTRAS_CAD,73844,5,455144,43,6.1636,8.6,ZZZZZZ
1327,10003846,19179_ANTIOQUIA_CAFETERIA_NM,1,1,1767,1767,1767,1767,ZZZZZZ
1327,10003813,19128_BARRANQUILLA_ORI_CAFETERIA,10425,4,1493100,417,143.223,104.25,ZZZZZZ
1327,10003461,191_ANTIOQUIA_KIOSKOS,43715,14,8856488,2756,202.5961,196.8571,ZZZZZZ
1327,10003458,165_ATLANTICO_SUR_LICORERIAS,98986,9,3494238,460,35.3003,51.1111,ZZZZZZ
1327,10003664,8490_CALI_SUR_TRADICIONALES_GRD,26503,5,887609,93,33.4909,18.6,ZZZZZZ
1327,10003548,3117_BUCARAMANGA_AREA_METRO_SUPER_IND_Y_OTRAS_CAD,31126,3,112718,25,3.6213,8.3333,ZZZZZZ
1327,10003527,2417_MEDELLIN_AREA_METRO_TRADICIONALES_PEQ,31159,8,10395292,2170,333.6208,271.25,ZZZZZZ
1327,10003563,3616_CUCUTA_LICORERIAS,26321,3,248403,63,9.4374,21,ZZZZZZ
1327,10003496,1410_BARRANQUILLA_ORI_TRADICIONALES_GRD,58732,15,11440555,1376,194.7925,91.7333,ZZZZZZ
1327,10092649,MEDELLIN_NOR_RESTAURANTES_CAFETERIAS,24053,15,11846777,806,492.528,53.7333,ZZZZZZ
1327,10003643,8136_CALI_AREA_METRO_SUPER_IND_Y_OTRAS_CAD,41520,3,445779,35,10.7365,11.6667,ZZZZZZ
1327,10003754,19071_EJE_CAFETERO_TRADICIONALES_NM,1,1,1481,1481,1481,1481,ZZZZZZ
1327,10003858,21513_MEDELLIN_SUR_RESTAURANTES,17830,8,2474542,832,138.7853,104,ZZZZZZ
1327,10003610,5464_PEREIRA_TRADICIONALES_PEQ,27010,13,8057463,1202,298.3141,92.4615,ZZZZZZ
1327,10003894,19121_META_CAFETERIA_NM,1,1,190,190,190,190,ZZZZZZ
1327,10003598,4625_BOYACA_LICORERIAS,31593,5,850092,285,26.9076,57,ZZZZZZ
1327,10003487,1132_ATLANTICO_NOR_CAFETERIA,16917,4,1421342,348,84.0186,87,ZZZZZZ
1327,10003759,19075_PEREIRA_TRADICIONALES_GRD_NM,1,1,25,25,25,25,ZZZZZZ
1327,10003486,1121_BARRANQUILLA_AREA_METRO_SUPER_IND_Y_OTRAS_CAD,2561,3,47218,9,18.4373,3,ZZZZZZ
1327,10003716,19035_IBAGUE_BARES,371308,31,8442135,483,22.7362,15.5806,ZZZZZZ
1327,10003523,2312_MEDELLIN_CEN_BAJ_MINIMERCADOS,18163,6,1467884,226,80.8173,37.6667,ZZZZZZ
1327,10003434,111_ATLANTICO_NOR_SUPER_IND_Y_OTRAS_CAD,1080,3,48709,35,45.1009,11.6667,ZZZZZZ
1327,10003843,19170_CALI_NOR_CAFETERIA_NM,1,1,536,536,536,536,ZZZZZZ
1327,10003738,19057_BUCARAMANGA_TRADICIONALES_PEQ_NM,1,1,625,625,625,625,ZZZZZZ
1327,10003768,19083_PUTUMAYO_TRADICIONALES_NM,1,1,624,624,624,624,ZZZZZZ
1327,10003782,19095_BOGOTA_ORI_RESTAURANTES_NM,1,1,3370,3370,3370,3370,ZZZZZZ
1327,10003681,14152_ATLANTICO_NOR_RESTO_TRADICIONALES_NM,2,2,11525,11525,5762.5,5762.5,ZZZZZZ
1327,10003764,19079_LLANOS_TRADICIONALES_NM,1,1,1285,1285,1285,1285,ZZZZZZ
1327,10003869,24202_MEDELLIN_NOR_TRADICIONALES_PEQ_NM,1,1,388,388,388,388,ZZZZZZ
1327,10003466,196_BOYACA_KIOSKOS,36062,18,196047,342,5.4364,19,ZZZZZZ
1327,10003910,19174_VALLE_DEL_CAUCA_CAFETERIA_NM,1,1,1559,1559,1559,1559,ZZZZZZ
1327,10003760,19076_CENTRO_TRADICIONALES_NM,1,1,2140,2140,2140,2140,ZZZZZZ
1327,10003478,612_CENTRO_DISCOTECA,69231,7,1583513,163,22.8729,23.2857,ZZZZZZ
1327,10003484,1116_CARTAGENA_BARES,184544,19,22957414,662,124.4008,34.8421,ZZZZZZ
1327,10003567,4120_BOGOTA_ORI_SUPER_IND_Y_OTRAS_CAD,33143,5,822387,49,24.8133,9.8,ZZZZZZ
1327,10003849,21112_MEDELLIN_CEN_BAJ_BARES,34823,6,3220222,497,92.474,82.8333,ZZZZZZ
1327,10003757,19074_PEREIRA_TRADICIONALES_PEQ_NM,1,1,188,188,188,188,ZZZZZZ
1327,10003773,19087_CALI_AREA_METRO_TRADICIONALES_GRD_NM,1,1,150,150,150,150,ZZZZZZ
1327,10003509,1900_CUNDINAMARCA_SUPER_IND_Y_OTRAS_CAD,36223,4,1123851,189,31.0259,47.25,ZZZZZZ
1327,10003785,19098_CUNDINAMARCA_RESTAURANTES_NM,1,1,1668,1668,1668,1668,ZZZZZZ
1327,10003909,19172_CALI_SUR_CAFETERIA_NM,1,1,105,105,105,105,ZZZZZZ
1327,10092657,BUCARAMANGA_AREA_METRO_RESTAURANTES_CAFETERIAS,14575,10,3415299,713,234.3258,71.3,ZZZZZZ
1327,10003882,31512_SANTANDERES_RESTAURANTES_NM,1,1,1458,1458,1458,1458,ZZZZZZ
1327,10003781,19094_BOGOTA_NOR_RESTAURANTES_NM,1,1,3712,3712,3712,3712,ZZZZZZ
1327,10003446,136_CARTAGENA_MINIMERCADOS,97094,8,1206748,147,12.4287,18.375,ZZZZZZ
1327,10003635,7475_VILLAVICENCIO_TRADICIONALES_GRD,117535,20,5348815,709,45.5083,35.45,ZZZZZZ
1327,10003522,2311_MEDELLIN_CEN_ALT_MINIMERCADOS,17041,5,1062580,91,62.3543,18.2,ZZZZZZ
1327,10003539,2611_MEDELLIN_CEN_ALT_LICORERIAS,34434,4,1653752,180,48.0267,45,ZZZZZZ
1327,10003731,19050_PUTUMAYO_CAFETERIA,827,5,39516,68,47.7823,13.6,ZZZZZZ
1327,10003613,5627_PEREIRA_AREA_METRO_LICORERIAS,30089,4,656291,86,21.8117,21.5,ZZZZZZ
1327,10003853,21322_CHOCO_CAFETERIA,24221,5,1055660,383,43.5845,76.6,ZZZZZZ
1327,10003444,134_BARRANQUILLA_ORI_MINIMERCADOS,9401,4,95337,22,10.1412,5.5,ZZZZZZ
1327,10003637,7632_META_LICORERIAS,45949,5,469378,38,10.2152,7.6,ZZZZZZ
1327,10003622,6470_IBAGUE_TRADICIONALES_GRD,51358,18,3048458,1210,59.357,67.2222,ZZZZZZ
1327,10003618,6329_CENTRO_MINIMERCADOS,137151,31,1392736,1029,10.1548,33.1935,ZZZZZZ
1327,10003797,19107_META_RESTAURANTES_NM,1,1,241,241,241,241,ZZZZZZ
1327,10003577,4323_CUNDINAMARCA_MINIMERCADOS,24789,5,1034913,526,41.7489,105.2,ZZZZZZ
1327,10003792,19103_PEREIRA_RESTAURANTES_NM,1,1,346,346,346,346,ZZZZZZ
1327,10003501,1422_BARRANQUILLA_AREA_METRO_TRADICIONALES_PEQ_NM,1,1,847,847,847,847,ZZZZZZ
1327,10003505,1452_BARRANQUILLA_OCC_TRADICIONALES_PEQ_NM,1,1,547,547,547,547,ZZZZZZ
1327,10003895,19123_CALI_AREA_METRO_CAFETERIA_NM,1,1,411,411,411,411,ZZZZZZ
1327,10003602,5138_EJE_CAFETERO_CAFETERIA,11082,7,2339063,1112,211.0687,158.8571,ZZZZZZ
1327,10003472,268_ANTIOQUIA_LICORERIAS,56358,9,1914859,513,33.9767,57,ZZZZZZ
1327,10003594,4621_BOGOTA_OCC_LICORERIAS,24637,5,1994548,317,80.9574,63.4,ZZZZZZ
1327,10003441,131_ATLANTICO_NOR_MINIMERCADOS,9531,3,167118,35,17.5342,11.6667,ZZZZZZ
1327,10003905,19166_BOGOTA_ORI_CAFETERIA_NM,1,1,2243,2243,2243,2243,ZZZZZZ
1327,10003756,19073_PEREIRA_AREA_METRO_TRADICIONALES_GRD_NM,1,1,46,46,46,46,ZZZZZZ
1327,10003462,192_CHOCO_KIOSKOS,2129,5,3951,168,1.8558,33.6,ZZZZZZ
1327,10003562,3615_SANTANDERES_LICORERIAS,64567,5,988228,157,15.3055,31.4,ZZZZZZ
1327,10003875,24292_MEDELLIN_SUR_TRADICIONALES_PEQ_NM,1,1,79,79,79,79,ZZZZZZ
1327,10003678,11572_ATLANTICO_NOR_RESTO_RESTAURANTES_NM,1,1,1447,1447,1447,1447,ZZZZZZ
1327,10003770,19084_PACIFICO_TRADICIONALES_NM,1,1,2746,2746,2746,2746,ZZZZZZ
1327,10003892,19117_BOGOTA_AREA_METRO_CAFETERIA_NM,1,1,1727,1727,1727,1727,ZZZZZZ
1327,10003511,2110_MEDELLIN_NOR_SUPER_IND_Y_OTRAS_CAD,20308,3,627366,20,30.8926,6.6667,ZZZZZZ
1327,10003574,4320_BOGOTA_ORI_MINIMERCADOS,20640,5,2223264,350,107.7163,70,ZZZZZZ
1327,10003645,8138_CALI_ORI_SUPER_IND_Y_OTRAS_CAD,29359,3,140871,10,4.7982,3.3333,ZZZZZZ
1327,10003707,19026_BOGOTA_OCC_BARES,104669,11,33436578,3213,319.4506,292.0909,ZZZZZZ
1327,10003576,4322_BOGOTA_SUR_MINIMERCADOS,58046,9,6231217,586,107.3496,65.1111,ZZZZZZ
1327,10003571,4124_BOYACA_DISCOTECA,100742,5,102606,45,1.0185,9,ZZZZZZ
1327,10003848,21111_MEDELLIN_CEN_ALT_BARES,119088,7,9269228,860,77.8351,122.8571,ZZZZZZ
1327,10003711,19030_BOYACA_BARES,305280,37,46701648,4355,152.9797,117.7027,ZZZZZZ
1327,10003442,132_BARRANQUILLA_AREA_METRO_MINIMERCADOS,6642,3,83380,30,12.5534,10,ZZZZZZ
1327,10003525,2314_CHOCO_MINIMERCADOS,14147,5,296853,330,20.9835,66,ZZZZZZ
1327,10003718,19037_META_BARES,117181,10,7620446,543,65.0314,54.3,ZZZZZZ
1327,10003889,31542_BUCARAMANGA_RESTAURANTES_NM,1,1,1154,1154,1154,1154,ZZZZZZ
1327,10003662,8487_CALI_ORI_TRADICIONALES_GRD,75299,33,16066837,661,213.3738,20.0303,ZZZZZZ
1327,10003440,117_ATLANTICO_NOR_RESTO_SUPER_IND_Y_OTRAS_CAD,172619,6,2151316,91,12.4628,15.1667,ZZZZZZ
1327,10003477,512_EJE_CAFETERO_DISCOTECA,46756,6,1513221,222,32.3642,37,ZZZZZZ
1327,10003915,21312_MED_AREA_METRO_CAFETERIA_NM,1,1,1257,1257,1257,1257,ZZZZZZ
1327,10003639,8129_PACIFICO_DISCOTECA,155092,15,5158779,587,33.2627,39.1333,ZZZZZZ
1327,10003739,19058_BUCARAMANGA_TRADICIONALES_GRD_NM,1,1,104,104,104,104,ZZZZZZ
1327,10003796,19106_LLANOS_RESTAURANTES_NM,1,1,1533,1533,1533,1533,ZZZZZZ
1327,10003774,19088_CALI_NOR_TRADICIONALES_PEQ_NM,1,1,989,989,989,989,ZZZZZZ
1327,10003510,1901_BOGOTA_AREA_METRO_SUPER_IND_Y_OTRAS_CAD,21880,5,371853,104,16.9951,20.8,ZZZZZZ
1327,10003878,31119_SANTANDERES_BARES,245487,17,22269643,2329,90.7162,137,ZZZZZZ
1327,10003657,8479_CALI_AREA_METRO_TRADICIONALES_PEQ,11257,8,6379800,1974,566.7407,246.75,ZZZZZZ
1327,10003751,19069_BOGOTA_AREA_METRO_TRADICIONALES_GRD_NM,1,1,175,175,175,175,ZZZZZZ
1327,10003488,1151_ATLANTICO_NOR_RESTAURANTES,21450,5,437301,168,20.387,33.6,ZZZZZZ
1327,10092647,IBAGUE_RESTAURANTES_CAFETERIAS,22193,11,650828,435,29.3258,39.5455,ZZZZZZ
1327,10003864,21562_MEDELLIN_SUR_RESTAURANTES_NM,1,1,612,612,612,612,ZZZZZZ
1327,10003570,4123_CUNDINAMARCA_DISCOTECA,1761237,104,2406756,253,1.3665,2.4327,ZZZZZZ
1327,10003463,193_ATLANTICO_KIOSKOS,273121,52,26149043,2723,95.7416,52.3654,ZZZZZZ
1327,10003541,2613_MEDELLIN_SUR_LICORERIAS,67109,5,1640609,190,24.4469,38,ZZZZZZ
1327,10003750,19068_BOGOTA_AREA_METRO_TRADICIONALES_PEQ_NM,1,1,1103,1103,1103,1103,ZZZZZZ
1327,10003735,19055_BUCARAMANGA_AREA_METRO_TRADICIONALES_PEQ_NM,1,1,481,481,481,481,ZZZZZZ
1327,10003508,1482_BARRANQUILLA_ORI_TRADICIONALES_PEQ_NM,1,1,395,395,395,395,ZZZZZZ
1327,10003654,8476_PUTUMAYO_TRADICIONALES,5511,5,8936675,2372,1621.6068,474.4,ZZZZZZ
1327,10003520,2159_MEDELLIN_AREA_METRO_RESTAURANTES,36691,8,2365756,847,64.4778,105.875,ZZZZZZ
1327,10003791,19102_PEREIRA_AREA_METRO_RESTAURANTES_NM,1,1,94,94,94,94,ZZZZZZ
1327,10003619,6330_IBAGUE_MINIMERCADOS,20821,9,473642,275,22.7483,30.5556,ZZZZZZ
1327,10003445,135_ATLANTICO_SUR_MINIMERCADOS,57087,12,1322151,224,23.1603,18.6667,ZZZZZZ
1327,10003914,19178_MEDELLIN_SUR_CAFETERIA_NM,1,1,533,533,533,533,ZZZZZZ
1327,10003876,24312_MEDELLIN_SUR_TRADICIONALES_GRD_NM,1,1,2,2,2,2,ZZZZZZ
1327,10003653,8340_CALI_SUR_MINIMERCADOS,32953,5,574092,75,17.4215,15,ZZZZZZ
1327,10003877,24322_CHOCO_TRADICIONALES_NM,1,1,683,683,683,683,ZZZZZZ
1327,10003542,2614_CHOCO_LICORERIAS,24099,5,1660195,239,68.8906,47.8,ZZZZZZ
1327,10003804,19112_CALI_AREA_METRO_RESTAURANTES_NM,1,1,405,405,405,405,ZZZZZZ
1327,10003604,5326_EJE_CAFETERO_MINIMERCADOS,19593,14,1612905,602,82.3205,43,ZZZZZZ
1327,10003437,114_BARRANQUILLA_ORI_SUPER_IND_Y_OTRAS_CAD,88982,4,341433,52,3.8371,13,ZZZZZZ
1327,10003651,8338_CALI_NOR_MINIMERCADOS,26119,7,2401055,228,91.9275,32.5714,ZZZZZZ
1327,10003459,166_CARTAGENA_LICORERIAS,42982,6,4612591,238,107.3145,39.6667,ZZZZZZ
1327,10003674,11532_BARRANQUILLA_OCC_RESTAURANTES_NM,1,1,421,421,421,421,ZZZZZZ
1327,10003850,21113_MEDELIN_SUR_BARES,58991,6,4756189,313,80.6257,52.1667,ZZZZZZ
1327,10003795,19105_IBAGUE_RESTAURANTES_NM,1,1,1164,1164,1164,1164,ZZZZZZ
1327,10003465,195_CUNDINAMARCA_KIOSKOS,25739,11,9216863,2214,358.0894,201.2727,ZZZZZZ
1327,10003557,3436_CUCUTA_TRADICIONALES_GRD,43826,13,3198373,554,72.9789,42.6154,ZZZZZZ
1327,10003455,162_BARRANQUILLA_AREA_METRO_LICORERIAS,158039,7,2435760,128,15.4124,18.2857,ZZZZZZ
1327,10003686,19005_BOGOTA_SUR_RESTAURANTES,12391,10,3855395,1586,311.1448,158.6,ZZZZZZ
1327,10003545,2912_SANTANDERES_KIOSKOS,111848,25,6173881,982,55.1989,39.28,ZZZZZZ
1327,10003902,19160_SANTANDERES_CAFETERIA_NM,1,1,1240,1240,1240,1240,ZZZZZZ
1327,10003628,7140_META_SUPER_IND_Y_OTRAS_CAD,2530,3,5887,19,2.3269,6.3333,ZZZZZZ
