MbdID,MbdName,CategoryCode,CategoryName,Baseline_Sales,VUE_ProjectedSales,ADJ_ProjectedSales,VUE_SalesImpact,ADJ_SalesImpact,Numerical Distribution,MBD Type,Target,OutOfTarget
20003859,TOTAL COLOMBIA ANTIG DEF,143606380,CERVEZAS,164409164.4855372,164663942.84,164663942.84,0.0015,0.0015,0.6553,MAJOR,0.1,0
20003860,TOTAL ANTIOQUIA ANTIG DEF,143606380,CERVEZAS,16275484.754868,16243098.93,16243098.93,-0.002,-0.002,0.7831,MAJOR,0.1,0
20003863,CONS LOCAL ANTIOQUIA ANTIG DEF,143606380,CERVEZAS,8783308.42861,8767291.07,8767291.07,-0.0018,-0.0018,0.6854,MINOR,0.15,0
20003864,AUTOSERVICIOS ANTIOQUIA ANTIG DEF,143606380,CERVEZAS,1111993.894418,1112482.86,1112482.86,0.0004,0.0004,1.0,MINOR,0.15,0
20003865,TOTAL ATLANTICO,143606380,CERVEZAS,44348068.9873225,44319521.99,44319521.99,-0.0006,-0.0006,0.5643,MAJOR,0.1,0
20003866,LICORERIAS ATLANTICO,143606380,CERVEZAS,3036005.3953,3069200.74,3069200.74,0.0109,0.0109,1.0,MINOR,0.15,0
20003867,AUTOSERVICIOS ATLANTICO,143606380,CERVEZAS,346456.7273955,345726.75,345726.75,-0.0021,-0.0021,1.0,MINOR,0.15,0
20003869,CONS LOCAL ATLANTICO,143606380,CERVEZAS,24043104.081827,24034078.33,24034078.33,-0.0004,-0.0004,0.5955,MAJOR,0.1,0
20003870,TOTAL CENTRO ANTIG DEF,143606380,CERVEZAS,17527019.8742039,17555009.84,17555009.84,0.0016,0.0016,0.6571,MAJOR,0.1,0
20003873,AUTOSERVICIOS CENTRO ANTIG DEF,143606380,CERVEZAS,409811.9120749,413885.34,413885.34,0.0099,0.0099,1.0,MINOR,0.15,0
20003874,CONS LOCAL CENTRO ANTIG DEF,143606380,CERVEZAS,7383911.405489,7439388.68,7439388.68,0.0075,0.0075,0.4682,MINOR,0.15,0
20003875,TOTAL ORIENTE ANTIG DEF,143606380,CERVEZAS,26359686.2715129,26427389.8,26427389.8,0.0026,0.0026,0.6813,MAJOR,0.1,0
20003878,AUTOSERVICIOS ORIENTE ANTIG DEF,143606380,CERVEZAS,981927.0585999,986580.28,986580.28,0.0047,0.0047,1.0,MINOR,0.15,0
20003879,CONS LOCAL ORIENTE ANTIG DEF,143606380,CERVEZAS,13825638.482943,13856937.0,13856937.0,0.0023,0.0023,0.5869,MAJOR,0.1,0
20003880,TOTAL CUNDINAMARCA ANTIG DEF,143606380,CERVEZAS,40326067.26978,40637904.46,40637904.46,0.0077,0.0077,0.6281,MAJOR,0.1,0
20003881,AUTOSERVICIOS CUNDINAMARCA ANTIG DEF,143606380,CERVEZAS,1386652.89469,1393680.6700000002,1393680.6700000002,0.0051,0.0051,1.0,MINOR,0.15,0
20003884,CONS LOCAL C/MARCA ANTIG DEF,143606380,CERVEZAS,23810048.37405,23974087.71,23974087.71,0.0069,0.0069,0.5216,MAJOR,0.1,0
20003885,TOTAL PACIFICO ANTIG DEF,143606380,CERVEZAS,19572837.3278499,19481017.82,19481017.82,-0.0047,-0.0047,0.6932,MAJOR,0.1,0
20003886,AUTOSERVICIOS PACIFICO ANTIG DEF,143606380,CERVEZAS,559686.419879,568454.76,568454.76,0.0157,0.0157,1.0,MINOR,0.15,0
20003889,CONS LOCAL PACIFICO ANTIG DEF,143606380,CERVEZAS,6577014.4498309,6517555.54,6517555.54,-0.009,-0.009,0.4663,MINOR,0.15,0
20003897,TRADICIONALES + LICORERIAS COLOMBIA ANTIG DEF,143606380,CERVEZAS,75189610.35573,75253793.85,75253793.85,0.0009,0.0009,0.7309,MAJOR,0.1,0
20003898,TRADICIONALES + LICORERIAS ORIENTE ANTIG DEF,143606380,CERVEZAS,11552120.72997,11583872.52,11583872.52,0.0027,0.0027,0.7549,MAJOR,0.1,0
20003899,TRADICIONALES + LICORERIAS C/MARCA ANTIG DEF,143606380,CERVEZAS,15129366.00104,15270136.08,15270136.08,0.0093,0.0093,0.7773,MAJOR,0.1,0
20003900,TRADICIONALES + LICORERIAS PACIFICO ANTIG DEF,143606380,CERVEZAS,12436136.458139999,12395007.52,12395007.52,-0.0033,-0.0033,0.8172,MAJOR,0.1,0
20003901,TRADICIONALES + LICORERIAS ANTIOQUIA ANTIG DEF,143606380,CERVEZAS,6380182.43184,6363325.0,6363325.0,-0.0026,-0.0026,0.8814,MINOR,0.15,0
20003902,TRADICIONALES + LICORERIAS ATLANTICO,143606380,CERVEZAS,19958508.1781,19939716.91,19939716.91,-0.0009,-0.0009,0.5366,MAJOR,0.1,0
20003903,TRADICIONALES + LICORERIAS CENTRO ANTIG DEF,143606380,CERVEZAS,9733296.556640001,9701735.82,9701735.82,-0.0032,-0.0032,0.8028,MINOR,0.15,0
20003904,TOTAL  CALI,143606380,CERVEZAS,6608915.337079,6562511.73,6562511.73,-0.007,-0.007,0.6897,MINOR,0.15,0
20003905,TOTAL  CALI   ORIENTE,143606380,CERVEZAS,2895900.8577,2871253.1799999997,2871253.1799999997,-0.0085,-0.0085,0.7621,MINOR,0.15,0
20003906,TOTAL  CALI   SUR,143606380,CERVEZAS,392198.620079,392624.29000000004,392624.29000000004,0.0011,0.0011,0.6446,VERY MINOR,0.2,0
20003907,TOTAL  CALI   NORTE,143606380,CERVEZAS,3320815.8593,3298634.26,3298634.26,-0.0067,-0.0067,0.6493,MINOR,0.15,0
20003908,TOTAL BARRANQUILLA,143606380,CERVEZAS,7765620.999593,7742072.55,7742072.55,-0.003,-0.003,0.6423,MINOR,0.15,0
20003909,TOTAL BARRANQUILLA ORIENTE,143606380,CERVEZAS,3781865.676763,3776521.8,3776521.8,-0.0014,-0.0014,0.6333,MINOR,0.15,0
20003910,TOTAL BARRANQUILLA OCCIDENTE,143606380,CERVEZAS,3983755.32283,3965550.75,3965550.75,-0.0046,-0.0046,0.6546,MINOR,0.15,0
20003911,TOTAL  MEDELLIN,143606380,CERVEZAS,7147010.617788,7133598.61,7133598.61,-0.0019,-0.0019,0.7758,MINOR,0.15,0
20003912,TOTAL  MEDELLIN CENTRO,143606380,CERVEZAS,2964292.961628,2967440.95,2967440.95,0.0011,0.0011,0.7566,MINOR,0.15,0
20003913,TOTAL  MEDELLIN SUR,143606380,CERVEZAS,1442607.12338,1436769.19,1436769.19,-0.004,-0.004,0.7046,MINOR,0.15,0
20003914,TOTAL  MEDELLIN NORTE,143606380,CERVEZAS,2740110.53278,2729388.47,2729388.47,-0.0039,-0.0039,0.8337,MINOR,0.15,0
20003915,TOTAL  BOGOTA,143606380,CERVEZAS,27741737.96512,27832694.07,27832694.07,0.0033,0.0033,0.6213,MAJOR,0.1,0
20003916,TOTAL  BOGOTA  OCCIDENTE,143606380,CERVEZAS,6539948.89181,6541126.88,6541126.88,0.0002,0.0002,0.619,MINOR,0.15,0
20003917,TOTAL  BOGOTA  SUR,143606380,CERVEZAS,10554634.14221,10611545.370000001,10611545.370000001,0.0054,0.0054,0.6614,MAJOR,0.1,0
20003918,TOTAL  BOGOTA  ORIENTE,143606380,CERVEZAS,3902684.0331800003,3903939.61,3903939.61,0.0003,0.0003,0.567,MINOR,0.15,0
20003919,TOTAL  BOGOTA  NORTE,143606380,CERVEZAS,6744470.897919999,6776082.21,6776082.21,0.0047,0.0047,0.6123,MAJOR,0.1,0
20003921,LICORERIAS ANTIOQUIA-CHOCO,143606380,CERVEZAS,856455.725,856264.48,856264.48,-0.0002,-0.0002,1.0,VERY MINOR,0.2,0
20003922,LICORERIAS PACIFICO,143606380,CERVEZAS,2282980.4432699997,2297113.67,2297113.67,0.0062,0.0062,1.0,VERY MINOR,0.2,0
20003923,LICORERIAS EJE CAFETERO,143606380,CERVEZAS,758703.46546,769906.4400000001,769906.4400000001,0.0148,0.0148,1.0,VERY MINOR,0.2,0
20003924,LICORERIAS CUNDI-BOY,143606380,CERVEZAS,1279608.22596,1284366.55,1284366.55,0.0037,0.0037,1.0,VERY MINOR,0.2,0
20003944,TOTAL PACIFICO TRADICIONALES + MINIMERCADOS,143606380,CERVEZAS,13821799.32037,13788914.61,13788914.61,-0.0024,-0.0024,0.8236,MAJOR,0.1,0
20003952,TRADICIONALES + LICORERIAS COLOMBIA,143606380,CERVEZAS,78831347.59729,78896972.65,78896972.65,0.0008,0.0008,0.7334,MAJOR,0.1,0
20003953,TRADICIONALES + LICORERIAS EJE CAFETERO,143606380,CERVEZAS,4679802.00364,4655418.61,4655418.61,-0.0052,-0.0052,0.8222,MINOR,0.15,0
20003954,TRADICIONALES + LICORERIAS CUNDI-BOY,143606380,CERVEZAS,17137135.060060002,17288900.64,17288900.64,0.0089,0.0089,0.7902,MAJOR,0.1,0
20003956,TRADICIONALES + LICORERIAS LLANOS,143606380,CERVEZAS,2358535.96635,2372702.63,2372702.63,0.006,0.006,0.7703,MINOR,0.15,0
20003957,TRADICIONALES + LICORERIAS PACIFICO,143606380,CERVEZAS,13368857.18354,13330910.55,13330910.55,-0.0028,-0.0028,0.8163,MAJOR,0.1,0
20003958,TRADICIONALES + LICORERIAS ANTIOQUIA-CHOCO,143606380,CERVEZAS,8151833.5699,8127790.96,8127790.96,-0.0029,-0.0029,0.8691,MINOR,0.15,0
20003959,TRADICIONALES + LICORERIAS SANTANDERES,143606380,CERVEZAS,8123181.0827,8135215.14,8135215.14,0.0015,0.0015,0.7121,MINOR,0.15,0
20003960,TRADICIONALES + LICORERIAS CENTRO,143606380,CERVEZAS,5053494.553,5046317.21,5046317.21,-0.0014,-0.0014,0.7849,MINOR,0.15,0
20003961,TOTAL COLOMBIA METROPOLITANA,143606380,CERVEZAS,85058890.5330728,85202665.05,85202665.05,0.0017,0.0017,0.6638,MAJOR,0.1,0
20003962,TOTAL BUCARAMANGA METRO,143606380,CERVEZAS,5352776.106721,5371660.58,5371660.58,0.0035,0.0035,0.6895,MINOR,0.15,0
20003963,TOTAL IBAGUE METROPOLITANA,143606380,CERVEZAS,1593947.026228,1588141.0,1588141.0,-0.0036,-0.0036,0.6106,VERY MINOR,0.2,0
20003964,TOTAL CARTAGENA METRO,143606380,CERVEZAS,6504512.9990799995,6527006.380000001,6527006.380000001,0.0035,0.0035,0.651,MINOR,0.15,0
20003965,TOTAL CALI METRO,143606380,CERVEZAS,8373846.1711099,8309581.47,8309581.47,-0.0077,-0.0077,0.6979,MINOR,0.15,0
20003966,TOTAL PEREIRA METRO,143606380,CERVEZAS,2618286.3370059,2639718.58,2639718.58,0.0082,0.0082,0.7294,MINOR,0.15,0
20003967,TOTAL VILLAVICENCIO METRO,143606380,CERVEZAS,2868148.5839279997,2874196.1300000004,2874196.1300000004,0.0021,0.0021,0.6536,MINOR,0.15,0
20003968,TOTAL BARRANQUILLA METRO,143606380,CERVEZAS,10601105.190234,10559954.34,10559954.34,-0.0039,-0.0039,0.6395,MAJOR,0.1,0
20003969,TOTAL BOGOTA METRO,143606380,CERVEZAS,34257242.58079,34473330.51,34473330.51,0.0063,0.0063,0.623,MAJOR,0.1,0
20003970,TOTAL MEDELLIN METRO,143606380,CERVEZAS,10001706.831958,9980063.92,9980063.92,-0.0022,-0.0022,0.773,MAJOR,0.1,0
20003971,TOTAL CUCUTA METRO,143606380,CERVEZAS,2887318.706018,2879012.14,2879012.14,-0.0029,-0.0029,0.6465,MINOR,0.15,0
20003972,TOTAL CENTRO CONVENIENCE,143606380,CERVEZAS,109061.84276999999,109416.47,109416.47,0.0033,0.0033,1.0,VERY MINOR,0.2,0
20003973,TOTAL ANTIOQUIA-CHOCO CONVENIENCE,143606380,CERVEZAS,973395.82819,972626.01,972626.01,-0.0008,-0.0008,1.0,VERY MINOR,0.2,0
20003974,TOTAL SANTANDERES CONVENIENCE,143606380,CERVEZAS,584550.75024,586756.77,586756.77,0.0038,0.0038,1.0,VERY MINOR,0.2,0
20003975,TOTAL LLANOS CONVENIENCE,143606380,CERVEZAS,166578.82106000002,166704.41,166704.41,0.0008,0.0008,1.0,VERY MINOR,0.2,0
20003976,TOTAL CUNDI-BOY CONVENIENCE,143606380,CERVEZAS,1160620.1513,1165612.74,1165612.74,0.0043,0.0043,1.0,MINOR,0.15,0
20003977,TOTAL PACIFICO CONVENIENCE,143606380,CERVEZAS,452942.13683,458004.06,458004.06,0.0112,0.0112,1.0,VERY MINOR,0.2,0
20003978,TOTAL ATLANTICO CONVENIENCE,143606380,CERVEZAS,224719.580071,224569.66,224569.66,-0.0007,-0.0007,1.0,VERY MINOR,0.2,0
20003979,TOTAL CALI TRADICIONALES,143606380,CERVEZAS,3808785.36707,3779825.61,3779825.61,-0.0076,-0.0076,0.7912,MINOR,0.15,0
20003980,TOTAL CALI TRADICIONALES PEQUE�,143606380,CERVEZAS,2271075.9002,2243083.3499999996,2243083.3499999996,-0.0123,-0.0123,0.7832,MINOR,0.15,0
20003981,TOTAL CALI TRADICIONALES GRANDE,143606380,CERVEZAS,1537709.46687,1536742.26,1536742.26,-0.0006,-0.0006,0.8241,VERY MINOR,0.2,0
20003982,TOTAL MEDELLIN TRADICIONALES,143606380,CERVEZAS,1980195.9164,1970558.02,1970558.02,-0.0049,-0.0049,0.9018,MINOR,0.15,0
20003983,TOTAL MEDELLIN TRADICIONALES GRANDE,143606380,CERVEZAS,846761.0292,855181.69,855181.69,0.0099,0.0099,0.9639,VERY MINOR,0.2,0
20003984,TOTAL MEDELLIN TRADICIONALES PEQUE�,143606380,CERVEZAS,1133434.8872,1115376.33,1115376.33,-0.0159,-0.0159,0.8879,VERY MINOR,0.2,0
20003985,TOTAL BARRANQUILLA TRADICIONALES,143606380,CERVEZAS,3523125.2291,3476706.0,3476706.0,-0.0132,-0.0132,0.708,MINOR,0.15,0
20003986,TOTAL BARRANQUILLA TRADICIONALES GRANDE,143606380,CERVEZAS,1286384.1049000002,1282912.25,1282912.25,-0.0027,-0.0027,0.8182,VERY MINOR,0.2,0
20003987,TOTAL BARRANQUILLA TRADICIONALES PEQUE�,143606380,CERVEZAS,2236741.1242,2193793.75,2193793.75,-0.0192,-0.0192,0.5319,VERY MINOR,0.2,0
20003988,TOTAL BOGOTA TRADICIONALES,143606380,CERVEZAS,8653269.961099999,8683137.98,8683137.98,0.0035,0.0035,0.7638,MINOR,0.15,0
20003989,TOTAL BOGOTA TRADICIONALES PEQUE�,143606380,CERVEZAS,4770600.6391,4809533.29,4809533.29,0.0082,0.0082,0.7395,MINOR,0.15,0
20003990,TOTAL BOGOTA TRADICIONALES GRANDE,143606380,CERVEZAS,3882669.322,3873604.69,3873604.69,-0.0023,-0.0023,0.8044,MINOR,0.15,0
20003992,COLOMBIA RESTO SUPERMERCADOS,143606380,CERVEZAS,1219011.9484373,1229398.34,1229398.34,0.0085,0.0085,1.0,MINOR,0.15,0
20003994,TOTAL COLOMBIA,143606380,CERVEZAS,172400483.0142032,172683995.69,172683995.69,0.0016,0.0016,0.6592,MAJOR,0.1,0
20003995,TOTAL EJE CAFETERO,143606380,CERVEZAS,7724194.1086858995,7744242.85,7744242.85,0.0026,0.0026,0.6876,MINOR,0.15,0
20003996,TOTAL ANTIOQUIA-CHOCO,143606380,CERVEZAS,18451644.977009,18412983.75,18412983.75,-0.0021,-0.0021,0.7845,MAJOR,0.1,0
20003997,TOTAL SANTANDERES,143606380,CERVEZAS,15267655.634769,15287433.94,15287433.94,0.0013,0.0013,0.6674,MAJOR,0.1,0
20003998,TOTAL CUNDI-BOY,143606380,CERVEZAS,47496384.454959996,47840332.98,47840332.98,0.0072,0.0072,0.6418,MAJOR,0.1,0
20003999,TOTAL PACIFICO,143606380,CERVEZAS,21121395.6233949,21029585.919999998,21029585.919999998,-0.0043,-0.0043,0.6961,MAJOR,0.1,0
20004000,TOTAL LLANOS,143606380,CERVEZAS,8188313.4625439,8239127.27,8239127.27,0.0062,0.0062,0.6823,MINOR,0.15,0
20004002,TOTAL CENTRO,143606380,CERVEZAS,9802825.765518,9810766.99,9810766.99,0.0008,0.0008,0.6311,MAJOR,0.1,0
20004012,TOTAL COLOMBIA CONVENIENCE,143606380,CERVEZAS,3858681.111331,3872876.2600000002,3872876.2600000002,0.0037,0.0037,1.0,MINOR,0.15,0
20004013,AUTOSERVICIOS COLOMBIA,143606380,CERVEZAS,5077693.0597683,5102274.6,5102274.6,0.0048,0.0048,1.0,MAJOR,0.1,0
20004014,AUTOSERVICIOS CUNDI-BOY,143606380,CERVEZAS,1603141.28005,1611554.8900000001,1611554.8900000001,0.0052,0.0052,1.0,MINOR,0.15,0
20004015,AUTOSERVICIOS PACIFICO,143606380,CERVEZAS,701918.506479,710502.07,710502.07,0.0122,0.0122,1.0,MINOR,0.15,0
20004016,AUTOSERVICIOS ANTIOQUIA-CHOCO,143606380,CERVEZAS,1134909.923869,1135515.76,1135515.76,0.0005,0.0005,1.0,MINOR,0.15,0
20004017,AUTOSERVICIOS SANTANDERES,143606380,CERVEZAS,673247.773051,676389.69,676389.69,0.0047,0.0047,1.0,MINOR,0.15,0
20004018,AUTOSERVICIOS EJE CAFETERO,143606380,CERVEZAS,222221.9546669,224596.05000000002,224596.05000000002,0.0107,0.0107,1.0,VERY MINOR,0.2,0
20004019,AUTOSERVICIOS CENTRO,143606380,CERVEZAS,187589.957408,189289.29,189289.29,0.0091,0.0091,1.0,VERY MINOR,0.2,0
20004020,AUTOSERVICIOS LLANOS,143606380,CERVEZAS,208206.93684890002,208700.09999999998,208700.09999999998,0.0024,0.0024,1.0,VERY MINOR,0.2,0
20004022,LICORERIAS COLOMBIA,143606380,CERVEZAS,9804060.59914,9893639.31,9893639.31,0.0091,0.0091,1.0,MAJOR,0.1,0
20004023,CONSUMO LOCAL COLOMBIA,143606380,CERVEZAS,88491442.35714489,88684748.44,88684748.44,0.0022,0.0022,0.5581,MAJOR,0.1,0
20004024,CONS LOCAL PACIFICO,143606380,CERVEZAS,7050619.933375901,6988173.3,6988173.3,-0.0089,-0.0089,0.4703,MINOR,0.15,0
20004025,CONS LOCAL ANTIOQUIA-CHOCO,143606380,CERVEZAS,9164901.483239999,9149677.03,9149677.03,-0.0017,-0.0017,0.6938,MINOR,0.15,0
20004026,CONS LOCAL SANTANDERES,143606380,CERVEZAS,6471226.779018,6475829.109999999,6475829.109999999,0.0007,0.0007,0.5776,MINOR,0.15,0
20004027,CONS LOCAL CUNDI-BOY,143606380,CERVEZAS,28756108.11485,28939877.45,28939877.45,0.0064,0.0064,0.538,MAJOR,0.1,0
20004028,CONS LOCAL ATLANTICO,143606380,CERVEZAS,24043104.081827,24034078.330000002,24034078.330000002,-0.0004,-0.0004,0.5955,MAJOR,0.1,0
20004029,CONS LOCAL CENTRO,143606380,CERVEZAS,4561741.255109999,4575160.49,4575160.49,0.0029,0.0029,0.4376,MINOR,0.15,0
20004030,CONS LOCAL LLANOS,143606380,CERVEZAS,5621570.559345,5657724.54,5657724.54,0.0064,0.0064,0.5793,MINOR,0.15,0
20004031,CONS LOCAL EJE CAFETERO,143606380,CERVEZAS,2822170.150379,2864228.19,2864228.19,0.0149,0.0149,0.506,MINOR,0.15,0
20004032,TOTAL COLOMBIA TRADICIONAL,143606380,CERVEZAS,69027286.99815,69003333.34,69003333.34,-0.0003,-0.0003,0.7185,MAJOR,0.1,0
20004033,TOTAL LLANOS TRADICIONAL,143606380,CERVEZAS,2170633.2301,2182657.91,2182657.91,0.0055,0.0055,0.7602,MINOR,0.15,0
20004034,TOTAL PACIFICO TRADICIONAL,143606380,CERVEZAS,11085876.74027,11033796.879999999,11033796.879999999,-0.0047,-0.0047,0.8029,MAJOR,0.1,0
20004035,TOTAL CUNDI-BOY TRADICIONAL,143606380,CERVEZAS,15857526.8341,16004534.09,16004534.09,0.0093,0.0093,0.7792,MAJOR,0.1,0
20004036,TOTAL EJE CAFETERO TRADICIONAL,143606380,CERVEZAS,3921098.53818,3885512.17,3885512.17,-0.0091,-0.0091,0.8082,MINOR,0.15,0
20004037,TOTAL ANTIOQUIA-CHOCO TRADICIONAL,143606380,CERVEZAS,7295377.8449,7271526.48,7271526.48,-0.0033,-0.0033,0.858,MINOR,0.15,0
20004038,TOTAL SANTANDERES TRADICIONAL,143606380,CERVEZAS,7575169.6897,7566062.26,7566062.26,-0.0012,-0.0012,0.7042,MINOR,0.15,0
20004039,TOTAL CENTRO TRADICIONAL,143606380,CERVEZAS,4199101.3381,4188727.38,4188727.38,-0.0025,-0.0025,0.7728,MINOR,0.15,0
20004040,TOTAL ATLANTICO TRADICIONAL,143606380,CERVEZAS,16922502.7828,16870516.17,16870516.17,-0.0031,-0.0031,0.5178,MAJOR,0.1,0
20004048,SUPERMERCADOS INDEPENDIENTES (SUP+MIN) COLOMBIA,143606380,CERVEZAS,5077693.0597683,5102274.600000001,5102274.600000001,0.0048,0.0048,1.0,MINOR,0.15,0
20004049,SUPERMERCADOS INDEPENDIENTES (SUP+MIN) ANTIOQUIA-CHOCO,143606380,CERVEZAS,1134909.9238689998,1135515.76,1135515.76,0.0005,0.0005,1.0,VERY MINOR,0.2,0
20004050,SUPERMERCADOS INDEPENDIENTES (SUP+MIN) SANTANDERES,143606380,CERVEZAS,673247.773051,676389.69,676389.69,0.0047,0.0047,1.0,VERY MINOR,0.2,0
20004051,SUPERMERCADOS INDEPENDIENTES (SUP+MIN) LLANOS,143606380,CERVEZAS,208206.9368489,208700.09999999998,208700.09999999998,0.0024,0.0024,1.0,VERY MINOR,0.2,0
20004052,SUPERMERCADOS INDEPENDIENTES (SUP+MIN) CUNDI-BOY,143606380,CERVEZAS,1603141.2800500002,1611554.8900000001,1611554.8900000001,0.0052,0.0052,1.0,MINOR,0.15,0
20004053,SUPERMERCADOS INDEPENDIENTES (SUP+MIN) EJE CAFETERO,143606380,CERVEZAS,222221.9546669,224596.05,224596.05,0.0107,0.0107,1.0,VERY MINOR,0.2,0
20004054,SUPERMERCADOS INDEPENDIENTES (SUP+MIN) ATLANTICO,143606380,CERVEZAS,346456.7273955,345726.75,345726.75,-0.0021,-0.0021,1.0,VERY MINOR,0.2,0
20004055,SUPERMERCADOS INDEPENDIENTES (SUP+MIN) PACIFICO,143606380,CERVEZAS,701918.506479,710502.07,710502.07,0.0122,0.0122,1.0,VERY MINOR,0.2,0
20004056,SUPERMERCADOS INDEPENDIENTES (SUP+MIN) CENTRO,143606380,CERVEZAS,187589.957408,189289.29,189289.29,0.0091,0.0091,1.0,VERY MINOR,0.2,0
20004066,SUPERMERCADOS INDEPENDIENTES (SUP+MIN) COLOMBIA ANTIG DEF,143606380,CERVEZAS,4796528.9070573,4820810.66,4820810.66,0.0051,0.0051,1.0,MINOR,0.15,0
20004067,SUPERMERCADOS INDEPENDIENTES (SUP+MIN) ORIENTE ANTIG DEF,143606380,CERVEZAS,981927.0585999,986580.2799999999,986580.2799999999,0.0047,0.0047,1.0,VERY MINOR,0.2,0
20004068,SUPERMERCADOS INDEPENDIENTES (SUP+MIN) C/MARCA ANTIG DEF,143606380,CERVEZAS,1386652.89469,1393680.67,1393680.67,0.0051,0.0051,1.0,MINOR,0.15,0
20004069,SUPERMERCADOS INDEPENDIENTES (SUP+MIN) PACIFICO ANTIG DEF,143606380,CERVEZAS,559686.419879,568454.76,568454.76,0.0157,0.0157,1.0,VERY MINOR,0.2,0
20004070,SUPERMERCADOS INDEPENDIENTES (SUP+MIN) ANTIOQUIA ANTIG DEF,143606380,CERVEZAS,1111993.894418,1112482.86,1112482.86,0.0004,0.0004,1.0,VERY MINOR,0.2,0
20004071,SUPERMERCADOS INDEPENDIENTES (SUP+MIN) CENTRO ANTIG DEF,143606380,CERVEZAS,409811.9120749,413885.34,413885.34,0.0099,0.0099,1.0,VERY MINOR,0.2,0
20004075,TOTAL CENTRO TRADICIONALES + MINIMERCADOS ANTIG DEF,143606380,CERVEZAS,10029170.40028,10000338.43,10000338.43,-0.0029,-0.0029,0.8197,MINOR,0.15,0
20004089,CONSUMO LOCAL COLOMBIA ANTIG DEF,143606380,CERVEZAS,84423025.2227499,84589338.33,84589338.33,0.002,0.002,0.5539,MAJOR,0.1,0
20004090,AUTOSERVICIOS COLOMBIA ANTIG DEF,143606380,CERVEZAS,4796528.9070573,4820810.66,4820810.66,0.0051,0.0051,1.0,MAJOR,0.1,0
20004092,TOTAL BOYACA,143606380,CERVEZAS,7170317.18518,7202428.5200000005,7202428.5200000005,0.0045,0.0045,0.7099,MINOR,0.15,0
20004093,TOTAL BOYACA TRAD + CONS LOCAL,143606380,CERVEZAS,6860597.2447999995,6891976.86,6891976.86,0.0046,0.0046,0.6868,MINOR,0.15,0
20018203,COLOMBIA SUPERMERCADOS�INDEPENDIENTES ANTIG DEF,143606380,CERVEZAS,1148433.5741163,1158335.3900000001,1158335.3900000001,0.0086,0.0086,1.0,VERY MINOR,0.2,0
20018207,COLOMBIA SUPERMERCADOS�INDEPENDIENTES,143606380,CERVEZAS,1219011.9484373,1229398.34,1229398.34,0.0085,0.0085,1.0,MINOR,0.15,0
20021662,LICORERIAS R/COLOMBIA,143606380,CERVEZAS,1590307.34415,1616787.4300000002,1616787.4300000002,0.0167,0.0167,1.0,VERY MINOR,0.2,0
20021663,LICORERIAS R/SANTANDERES AFI/COLOMBIA,143606380,CERVEZAS,548011.393,569152.88,569152.88,0.0386,0.0386,1.0,VERY MINOR,0.2,0
20021664,LICORERIAS R/LLANOS AFI/COLOMBIA,143606380,CERVEZAS,187902.73625,190044.72,190044.72,0.0114,0.0114,1.0,VERY MINOR,0.2,0
20021665,LICORERIAS R/CENTRO AFI/COLOMBIA,143606380,CERVEZAS,854393.2149,857589.8300000001,857589.8300000001,0.0037,0.0037,1.0,VERY MINOR,0.2,0
20021675,KIOSKOS CERV/COLOMBIA,143606380,CERVEZAS,5286887.3928768,5280517.46,5280517.46,-0.0012,-0.0012,0.9888,MINOR,0.15,0
20021676,DISCOTECAS CERV/COLOMBIA,143606380,CERVEZAS,1301696.008628,1303763.14,1303763.14,0.0016,0.0016,0.9963,VERY MINOR,0.2,0
20035051,TRADICIONALES + CONS LOCAL COLOMBIA,143606380,CERVEZAS,157518729.3552949,157688081.78,157688081.78,0.0011,0.0011,0.6356,MAJOR,0.1,0
20035052,LLANOS TRADICIONALES + CONS LOCAL,143606380,CERVEZAS,7792203.789445,7840382.45,7840382.45,0.0062,0.0062,0.6527,MINOR,0.15,0
20035053,CENTRO TRADICIONALES + CONS LOCAL,143606380,CERVEZAS,8760842.59321,8763887.87,8763887.87,0.0003,0.0003,0.5986,MINOR,0.15,0
20035054,SANTANDERES TRADICIONALES + CONS LOCAL,143606380,CERVEZAS,14046396.468718,14041891.37,14041891.37,-0.0003,-0.0003,0.6443,MAJOR,0.1,0
20035055,EJE CAFETERO TRADICIONALES + CONS LOCAL,143606380,CERVEZAS,6743268.688559,6749740.36,6749740.36,0.001,0.001,0.6595,MINOR,0.15,0
20035056,ANTIOQUIA-CHOCO TRADICIONALES + CONS LOCAL,143606380,CERVEZAS,16460279.32814,16421203.51,16421203.51,-0.0024,-0.0024,0.7656,MAJOR,0.1,0
20035057,CUNDI-BOY TRADICIONALES + CONS LOCAL,143606380,CERVEZAS,44613634.94895,44944411.54,44944411.54,0.0074,0.0074,0.6184,MAJOR,0.1,0
20035059,PACIFICO TRADICIONALES + CONS LOCAL,143606380,CERVEZAS,18136496.6736459,18021970.18,18021970.18,-0.0063,-0.0063,0.6732,MAJOR,0.1,0
20035065,TRADICIONALES + CONS LOCAL ATLANTICO,143606380,CERVEZAS,40965606.864626996,40904594.5,40904594.5,-0.0015,-0.0015,0.5468,MAJOR,0.1,0
20083204,TOTAL EJE CAFETERO,143606380,CERVEZAS,7724194.1086858995,7744242.85,7744242.85,0.0026,0.0026,0.6876,MINOR,0.15,0
20083205,TOTAL ANTIOQUIA_CHOCO TRADICIONAL,143606380,CERVEZAS,7295377.8449,7271526.48,7271526.48,-0.0033,-0.0033,0.858,MINOR,0.15,0
20083206,TOTAL EJE CAFETERO TRADICIONAL,143606380,CERVEZAS,3921098.53818,3885512.17,3885512.17,-0.0091,-0.0091,0.8082,MINOR,0.15,0
20083207,AUTOSERVICIOS COLOMBIA,143606380,CERVEZAS,5077693.0597683,5102274.6,5102274.6,0.0048,0.0048,1.0,MAJOR,0.1,0
20083210,CONS LOCAL ATLANTICO,143606380,CERVEZAS,24043104.081827,24034078.33,24034078.33,-0.0004,-0.0004,0.5955,MAJOR,0.1,0
20083211,LICORERIAS ATLANTICO,143606380,CERVEZAS,3036005.3953,3069200.74,3069200.74,0.0109,0.0109,1.0,MINOR,0.15,0
20083212,TOTAL CENTRO ANTIG DEF,143606380,CERVEZAS,17527019.874203898,17555009.84,17555009.84,0.0016,0.0016,0.6571,MAJOR,0.1,0
20083214,SUPERMERCADOS INDEPENDIENTES (SUP+MIN) COLOMBIA,143606380,CERVEZAS,5077693.0597683,5102274.6,5102274.6,0.0048,0.0048,1.0,MINOR,0.15,0
20083215,SUPERMERCADOS INDEPENDIENTES (SUP+MIN) SANTANDERES,143606380,CERVEZAS,673247.773051,676389.69,676389.69,0.0047,0.0047,1.0,VERY MINOR,0.2,0
20083218,TRADICIONALES + LICORERIAS ANTIOQUIA ANTIG DEF,143606380,CERVEZAS,6380182.43184,6363325.0,6363325.0,-0.0026,-0.0026,0.8814,MINOR,0.15,0
20083219,TRADICIONALES + LICORERIAS ORIENTE ANTIG DEF,143606380,CERVEZAS,11552120.72997,11583872.52,11583872.52,0.0027,0.0027,0.7549,MAJOR,0.1,0
20083220,TOTAL CARTAGENA METRO,143606380,CERVEZAS,6504512.9990799995,6527006.38,6527006.38,0.0035,0.0035,0.651,MINOR,0.15,0
20083222,TOTAL BOGOTA TRADICIONALES PEQUE?,143606380,CERVEZAS,4770600.6391,4809533.29,4809533.29,0.0082,0.0082,0.7395,MINOR,0.15,0
20083223,TOTAL CALI TRADICIONALES GRANDE,143606380,CERVEZAS,1537709.46687,1536742.26,1536742.26,-0.0006,-0.0006,0.8241,VERY MINOR,0.2,0
20083224,TOTAL CALI TRADICIONALES PEQUE?,143606380,CERVEZAS,2271075.9002,2243083.35,2243083.35,-0.0123,-0.0123,0.7832,MINOR,0.15,0
20083225,TOTAL ATLANTICO CONVENIENCE,143606380,CERVEZAS,224719.580071,224569.66,224569.66,-0.0007,-0.0007,1.0,VERY MINOR,0.2,0
20083226,TOTAL CUNDI_BOY CONVENIENCE,143606380,CERVEZAS,1160620.1513,1165612.74,1165612.74,0.0043,0.0043,1.0,MINOR,0.15,0
20083227,COLOMBIA RESTO SUPERMERCADOS_CERV_SCAN,143606380,CERVEZAS,1219011.9484373,1229398.34,1229398.34,0.0085,0.0085,1.0,MINOR,0.15,0
20083271,CONS LOCAL SANTANDERES,143606380,CERVEZAS,6471226.779018,6475829.109999999,6475829.109999999,0.0007,0.0007,0.5776,MINOR,0.15,0
20083272,AUTOSERVICIOS LLANOS,143606380,CERVEZAS,208206.9368489,208700.09999999998,208700.09999999998,0.0024,0.0024,1.0,VERY MINOR,0.2,0
20083273,LICORERIAS CUNDI_BOY,143606380,CERVEZAS,1279608.22596,1284366.55,1284366.55,0.0037,0.0037,1.0,VERY MINOR,0.2,0
20083277,TRADICIONALES + LICORERIAS PACIFICO ANTIG DEF,143606380,CERVEZAS,12436136.45814,12395007.52,12395007.52,-0.0033,-0.0033,0.8172,MAJOR,0.1,0
20083278,TOTAL VILLAVICENCIO METRO,143606380,CERVEZAS,2868148.5839279997,2874196.13,2874196.13,0.0021,0.0021,0.6536,MINOR,0.15,0
20083282,TOTAL  MEDELLIN,143606380,CERVEZAS,7147010.617788,7133598.61,7133598.61,-0.0019,-0.0019,0.7758,MINOR,0.15,0
20083283,TOTAL  CALI   SUR,143606380,CERVEZAS,392198.620079,392624.29000000004,392624.29000000004,0.0011,0.0011,0.6446,VERY MINOR,0.2,0
20083284,TOTAL BARRANQUILLA TRADICIONALES PEQUE?,143606380,CERVEZAS,2236741.1242,2193793.75,2193793.75,-0.0192,-0.0192,0.5319,VERY MINOR,0.2,0
20083327,TRADICIONALES + LICORERIAS COLOMBIA,143606380,CERVEZAS,78831347.59729,78896972.65,78896972.65,0.0008,0.0008,0.7334,MAJOR,0.1,0
20083328,TRADICIONALES + LICORERIAS SANTANDERES,143606380,CERVEZAS,8123181.0827,8135215.14,8135215.14,0.0015,0.0015,0.7121,MINOR,0.15,0
20083329,TRADICIONALES + LICORERIAS LLANOS,143606380,CERVEZAS,2358535.96635,2372702.63,2372702.63,0.006,0.006,0.7703,MINOR,0.15,0
20083330,TRADICIONALES + LICORERIAS CENTRO,143606380,CERVEZAS,5053494.553,5046317.21,5046317.21,-0.0014,-0.0014,0.7849,MINOR,0.15,0
20083331,TOTAL MEDELLIN TRADICIONALES,143606380,CERVEZAS,1980195.9164,1970558.02,1970558.02,-0.0049,-0.0049,0.9018,MINOR,0.15,0
20083332,TOTAL LLANOS,143606380,CERVEZAS,8188313.4625439,8239127.27,8239127.27,0.0062,0.0062,0.6823,MINOR,0.15,0
20083333,TOTAL SANTANDERES,143606380,CERVEZAS,15267655.634769,15287433.94,15287433.94,0.0013,0.0013,0.6674,MAJOR,0.1,0
20083334,TOTAL COLOMBIA TRADICIONAL,143606380,CERVEZAS,69027286.99815,69003333.34,69003333.34,-0.0003,-0.0003,0.7185,MAJOR,0.1,0
20083335,TOTAL SANTANDERES TRADICIONAL,143606380,CERVEZAS,7575169.6897,7566062.26,7566062.26,-0.0012,-0.0012,0.7042,MINOR,0.15,0
20083336,TOTAL CUNDI_BOY TRADICIONAL,143606380,CERVEZAS,15857526.8341,16004534.09,16004534.09,0.0093,0.0093,0.7792,MAJOR,0.1,0
20083337,TOTAL PACIFICO TRADICIONAL,143606380,CERVEZAS,11085876.74027,11033796.879999999,11033796.879999999,-0.0047,-0.0047,0.8029,MAJOR,0.1,0
20083338,CONS LOCAL LLANOS,143606380,CERVEZAS,5621570.559345,5657724.54,5657724.54,0.0064,0.0064,0.5793,MINOR,0.15,0
20083339,CONS LOCAL CUNDI_BOY,143606380,CERVEZAS,28756108.11485,28939877.45,28939877.45,0.0064,0.0064,0.538,MAJOR,0.1,0
20083340,CONS LOCAL CENTRO,143606380,CERVEZAS,4561741.255109999,4575160.49,4575160.49,0.0029,0.0029,0.4376,MINOR,0.15,0
20083341,AUTOSERVICIOS EJE CAFETERO,143606380,CERVEZAS,222221.9546669,224596.05,224596.05,0.0107,0.0107,1.0,VERY MINOR,0.2,0
20083342,LICORERIAS PACIFICO,143606380,CERVEZAS,2282980.44327,2297113.67,2297113.67,0.0062,0.0062,1.0,VERY MINOR,0.2,0
20083348,TRADICIONALES + LICORERIAS C_MARCA ANTIG DEF,143606380,CERVEZAS,15129366.00104,15270136.08,15270136.08,0.0093,0.0093,0.7773,MAJOR,0.1,0
20083349,TRADICIONALES + LICORERIAS CENTRO ANTIG DEF,143606380,CERVEZAS,9733296.556640001,9701735.82,9701735.82,-0.0032,-0.0032,0.8028,MINOR,0.15,0
20083355,TOTAL  BOGOTA  NORTE,143606380,CERVEZAS,6744470.897919999,6776082.21,6776082.21,0.0047,0.0047,0.6123,MAJOR,0.1,0
20083356,TOTAL  MEDELLIN NORTE,143606380,CERVEZAS,2740110.53278,2729388.4699999997,2729388.4699999997,-0.0039,-0.0039,0.8337,MINOR,0.15,0
20083357,TOTAL  MEDELLIN CENTRO,143606380,CERVEZAS,2964292.961628,2967440.95,2967440.95,0.0011,0.0011,0.7566,MINOR,0.15,0
20083358,TOTAL BARRANQUILLA OCCIDENTE,143606380,CERVEZAS,3983755.32283,3965550.75,3965550.75,-0.0046,-0.0046,0.6546,MINOR,0.15,0
20083359,TOTAL BOGOTA TRADICIONALES GRANDE,143606380,CERVEZAS,3882669.322,3873604.69,3873604.69,-0.0023,-0.0023,0.8044,MINOR,0.15,0
20083360,TOTAL MEDELLIN TRADICIONALES GRANDE,143606380,CERVEZAS,846761.0292,855181.69,855181.69,0.0099,0.0099,0.9639,VERY MINOR,0.2,0
20083361,TOTAL BARRANQUILLA TRADICIONALES GRANDE,143606380,CERVEZAS,1286384.1049000002,1282912.25,1282912.25,-0.0027,-0.0027,0.8182,VERY MINOR,0.2,0
20083362,TOTAL CENTRO CONVENIENCE,143606380,CERVEZAS,109061.84276999999,109416.47,109416.47,0.0033,0.0033,1.0,VERY MINOR,0.2,0
20083394,SANTANDERES TRADICIONALES + CONS LOCAL,143606380,CERVEZAS,14046396.468718,14041891.37,14041891.37,-0.0003,-0.0003,0.6443,MAJOR,0.1,0
20083407,TOTAL COLOMBIA METROPOLITANA,143606380,CERVEZAS,85058890.5330728,85202665.05,85202665.05,0.0017,0.0017,0.6638,MAJOR,0.1,0
20083409,TOTAL CUNDI_BOY,143606380,CERVEZAS,47496384.45496,47840332.980000004,47840332.980000004,0.0072,0.0072,0.6418,MAJOR,0.1,0
20083410,TOTAL ATLANTICO TRADICIONAL,143606380,CERVEZAS,16922502.7828,16870516.17,16870516.17,-0.0031,-0.0031,0.5178,MAJOR,0.1,0
20083411,TOTAL LLANOS TRADICIONAL,143606380,CERVEZAS,2170633.2301,2182657.91,2182657.91,0.0055,0.0055,0.7602,MINOR,0.15,0
20083412,CONSUMO LOCAL COLOMBIA,143606380,CERVEZAS,88491442.35714489,88684748.44,88684748.44,0.0022,0.0022,0.5581,MAJOR,0.1,0
20083413,CONS LOCAL ANTIOQUIA_CHOCO,143606380,CERVEZAS,9164901.483239999,9149677.03,9149677.03,-0.0017,-0.0017,0.6938,MINOR,0.15,0
20083414,AUTOSERVICIOS SANTANDERES,143606380,CERVEZAS,673247.773051,676389.6900000001,676389.6900000001,0.0047,0.0047,1.0,MINOR,0.15,0
20083417,TOTAL CUNDINAMARCA ANTIG DEF,143606380,CERVEZAS,40326067.26978,40637904.46,40637904.46,0.0077,0.0077,0.6281,MAJOR,0.1,0
20083422,SUPERMERCADOS INDEPENDIENTES (SUP+MIN) LLANOS,143606380,CERVEZAS,208206.93684890002,208700.1,208700.1,0.0024,0.0024,1.0,VERY MINOR,0.2,0
20083424,SUPERMERCADOS INDEPENDIENTES (SUP+MIN) ORIENTE ANTIG DEF,143606380,CERVEZAS,981927.0585999,986580.28,986580.28,0.0047,0.0047,1.0,VERY MINOR,0.2,0
20083425,TOTAL CUCUTA METRO,143606380,CERVEZAS,2887318.706018,2879012.1399999997,2879012.1399999997,-0.0029,-0.0029,0.6465,MINOR,0.15,0
20083427,TOTAL  BOGOTA  SUR,143606380,CERVEZAS,10554634.14221,10611545.370000001,10611545.370000001,0.0054,0.0054,0.6614,MAJOR,0.1,0
20083428,TOTAL  CALI   ORIENTE,143606380,CERVEZAS,2895900.8577,2871253.1799999997,2871253.1799999997,-0.0085,-0.0085,0.7621,MINOR,0.15,0
20083464,CUNDI_BOY TRADICIONALES + CONS LOCAL,143606380,CERVEZAS,44613634.94895,44944411.54,44944411.54,0.0074,0.0074,0.6184,MAJOR,0.1,0
20083465,CENTRO TRADICIONALES + CONS LOCAL,143606380,CERVEZAS,8760842.59321,8763887.870000001,8763887.870000001,0.0003,0.0003,0.5986,MINOR,0.15,0
20083466,LLANOS TRADICIONALES + CONS LOCAL,143606380,CERVEZAS,7792203.789445,7840382.45,7840382.45,0.0062,0.0062,0.6527,MINOR,0.15,0
20083467,EJE CAFETERO TRADICIONALES + CONS LOCAL,143606380,CERVEZAS,6743268.688558999,6749740.359999999,6749740.359999999,0.001,0.001,0.6595,MINOR,0.15,0
20083472,TRADICIONALES + LICORERIAS EJE CAFETERO,143606380,CERVEZAS,4679802.00364,4655418.61,4655418.61,-0.0052,-0.0052,0.8222,MINOR,0.15,0
20083474,TOTAL CENTRO TRADICIONAL,143606380,CERVEZAS,4199101.3381,4188727.38,4188727.38,-0.0025,-0.0025,0.7728,MINOR,0.15,0
20083475,AUTOSERVICIOS ANTIOQUIA_CHOCO,143606380,CERVEZAS,1134909.923869,1135515.76,1135515.76,0.0005,0.0005,1.0,MINOR,0.15,0
20083476,AUTOSERVICIOS CENTRO,143606380,CERVEZAS,187589.957408,189289.29,189289.29,0.0091,0.0091,1.0,VERY MINOR,0.2,0
20083477,AUTOSERVICIOS PACIFICO,143606380,CERVEZAS,701918.506479,710502.07,710502.07,0.0122,0.0122,1.0,MINOR,0.15,0
20083478,LICORERIAS COLOMBIA,143606380,CERVEZAS,9804060.59914,9893639.31,9893639.31,0.0091,0.0091,1.0,MAJOR,0.1,0
20083479,TOTAL ATLANTICO,143606380,CERVEZAS,44348068.9873225,44319521.99,44319521.99,-0.0006,-0.0006,0.5643,MAJOR,0.1,0
20083480,TOTAL ANTIOQUIA ANTIG DEF,143606380,CERVEZAS,16275484.754867999,16243098.93,16243098.93,-0.002,-0.002,0.7831,MAJOR,0.1,0
20083481,CONS LOCAL CENTRO ANTIG DEF,143606380,CERVEZAS,7383911.405489,7439388.68,7439388.68,0.0075,0.0075,0.4682,MINOR,0.15,0
20083485,SUPERMERCADOS INDEPENDIENTES (SUP+MIN) ANTIOQUIA ANTIG DEF,143606380,CERVEZAS,1111993.894418,1112482.86,1112482.86,0.0004,0.0004,1.0,VERY MINOR,0.2,0
20083486,SUPERMERCADOS INDEPENDIENTES (SUP+MIN) PACIFICO ANTIG DEF,143606380,CERVEZAS,559686.419879,568454.76,568454.76,0.0157,0.0157,1.0,VERY MINOR,0.2,0
20083487,TOTAL IBAGUE METROPOLITANA,143606380,CERVEZAS,1593947.026228,1588141.0,1588141.0,-0.0036,-0.0036,0.6106,VERY MINOR,0.2,0
20083488,TOTAL BUCARAMANGA METRO,143606380,CERVEZAS,5352776.106721,5371660.58,5371660.58,0.0035,0.0035,0.6895,MINOR,0.15,0
20083490,TOTAL  BOGOTA  OCCIDENTE,143606380,CERVEZAS,6539948.89181,6541126.88,6541126.88,0.0002,0.0002,0.619,MINOR,0.15,0
20083491,TOTAL ANTIOQUIA_CHOCO CONVENIENCE,143606380,CERVEZAS,973395.82819,972626.01,972626.01,-0.0008,-0.0008,1.0,VERY MINOR,0.2,0
20083524,PACIFICO TRADICIONALES + CONS LOCAL,143606380,CERVEZAS,18136496.6736459,18021970.18,18021970.18,-0.0063,-0.0063,0.6732,MAJOR,0.1,0
20083530,TRADICIONALES + LICORERIAS CUNDI-BOY,143606380,CERVEZAS,17137135.06006,17288900.64,17288900.64,0.0089,0.0089,0.7902,MAJOR,0.1,0
20083531,TOTAL BOGOTA TRADICIONALES,143606380,CERVEZAS,8653269.9611,8683137.98,8683137.98,0.0035,0.0035,0.7638,MINOR,0.15,0
20083532,TOTAL BARRANQUILLA TRADICIONALES,143606380,CERVEZAS,3523125.2291,3476706.0,3476706.0,-0.0132,-0.0132,0.708,MINOR,0.15,0
20083535,TOTAL COLOMBIA,143606380,CERVEZAS,172400483.0142032,172683995.69,172683995.69,0.0016,0.0016,0.6592,MAJOR,0.1,0
20083536,TOTAL PACIFICO,143606380,CERVEZAS,21121395.6233949,21029585.919999998,21029585.919999998,-0.0043,-0.0043,0.6961,MAJOR,0.1,0
20083537,CONS LOCAL EJE CAFETERO,143606380,CERVEZAS,2822170.150379,2864228.19,2864228.19,0.0149,0.0149,0.506,MINOR,0.15,0
20083538,LICORERIAS ANTIOQUIA_CHOCO,143606380,CERVEZAS,856455.725,856264.48,856264.48,-0.0002,-0.0002,1.0,VERY MINOR,0.2,0
20083541,AUTOSERVICIOS ANTIOQUIA ANTIG DEF,143606380,CERVEZAS,1111993.894418,1112482.86,1112482.86,0.0004,0.0004,1.0,MINOR,0.15,0
20083542,TOTAL ORIENTE ANTIG DEF,143606380,CERVEZAS,26359686.2715129,26427389.8,26427389.8,0.0026,0.0026,0.6813,MAJOR,0.1,0
20083544,AUTOSERVICIOS CUNDINAMARCA ANTIG DEF,143606380,CERVEZAS,1386652.89469,1393680.67,1393680.67,0.0051,0.0051,1.0,MINOR,0.15,0
20083545,AUTOSERVICIOS CENTRO ANTIG DEF,143606380,CERVEZAS,409811.9120749,413885.34,413885.34,0.0099,0.0099,1.0,MINOR,0.15,0
20083546,AUTOSERVICIOS PACIFICO ANTIG DEF,143606380,CERVEZAS,559686.419879,568454.76,568454.76,0.0157,0.0157,1.0,MINOR,0.15,0
20083550,SUPERMERCADOS INDEPENDIENTES (SUP+MIN) CUNDI_BOY,143606380,CERVEZAS,1603141.2800500002,1611554.8900000001,1611554.8900000001,0.0052,0.0052,1.0,MINOR,0.15,0
20083551,SUPERMERCADOS INDEPENDIENTES (SUP+MIN) EJE CAFETERO,143606380,CERVEZAS,222221.9546669,224596.05000000002,224596.05000000002,0.0107,0.0107,1.0,VERY MINOR,0.2,0
20083554,SUPERMERCADOS INDEPENDIENTES (SUP+MIN) C_MARCA ANTIG DEF,143606380,CERVEZAS,1386652.89469,1393680.67,1393680.67,0.0051,0.0051,1.0,MINOR,0.15,0
20083555,TOTAL PEREIRA METRO,143606380,CERVEZAS,2618286.3370059,2639718.58,2639718.58,0.0082,0.0082,0.7294,MINOR,0.15,0
20083556,TOTAL MEDELLIN METRO,143606380,CERVEZAS,10001706.831958,9980063.92,9980063.92,-0.0022,-0.0022,0.773,MAJOR,0.1,0
20083560,TOTAL  BOGOTA  ORIENTE,143606380,CERVEZAS,3902684.0331800003,3903939.61,3903939.61,0.0003,0.0003,0.567,MINOR,0.15,0
20083561,TOTAL  CALI,143606380,CERVEZAS,6608915.337079,6562511.7299999995,6562511.7299999995,-0.007,-0.007,0.6897,MINOR,0.15,0
20083562,TOTAL BARRANQUILLA,143606380,CERVEZAS,7765620.999593,7742072.55,7742072.55,-0.003,-0.003,0.6423,MINOR,0.15,0
20083563,TOTAL BARRANQUILLA ORIENTE,143606380,CERVEZAS,3781865.676763,3776521.8,3776521.8,-0.0014,-0.0014,0.6333,MINOR,0.15,0
20083564,TOTAL LLANOS CONVENIENCE,143606380,CERVEZAS,166578.82106000002,166704.41,166704.41,0.0008,0.0008,1.0,VERY MINOR,0.2,0
20083565,TOTAL BOYACA,143606380,CERVEZAS,7170317.185179999,7202428.52,7202428.52,0.0045,0.0045,0.7099,MINOR,0.15,0
20083591,TOTAL CALI TRADICIONALES,143606380,CERVEZAS,3808785.36707,3779825.61,3779825.61,-0.0076,-0.0076,0.7912,MINOR,0.15,0
20083592,COLOMBIA SUPERMERCADOS_INDEPENDIENTES,143606380,CERVEZAS,1219011.9484373,1229398.34,1229398.34,0.0085,0.0085,1.0,MINOR,0.15,0
20083595,TOTAL ANTIOQUIA_CHOCO,143606380,CERVEZAS,18451644.977009,18412983.75,18412983.75,-0.0021,-0.0021,0.7845,MAJOR,0.1,0
20083596,CONS LOCAL PACIFICO,143606380,CERVEZAS,7050619.933375901,6988173.3,6988173.3,-0.0089,-0.0089,0.4703,MINOR,0.15,0
20083597,AUTOSERVICIOS CUNDI_BOY,143606380,CERVEZAS,1603141.28005,1611554.8900000001,1611554.8900000001,0.0052,0.0052,1.0,MINOR,0.15,0
20083599,CONS LOCAL ANTIOQUIA ANTIG DEF,143606380,CERVEZAS,8783308.42861,8767291.07,8767291.07,-0.0018,-0.0018,0.6854,MINOR,0.15,0
20083600,AUTOSERVICIOS ORIENTE ANTIG DEF,143606380,CERVEZAS,981927.0585999,986580.28,986580.28,0.0047,0.0047,1.0,MINOR,0.15,0
20083602,AUTOSERVICIOS COLOMBIA ANTIG DEF,143606380,CERVEZAS,4796528.9070573,4820810.66,4820810.66,0.0051,0.0051,1.0,MAJOR,0.1,0
20083603,CONSUMO LOCAL COLOMBIA ANTIG DEF,143606380,CERVEZAS,84423025.2227499,84589338.33,84589338.33,0.002,0.002,0.5539,MAJOR,0.1,0
20083606,SUPERMERCADOS INDEPENDIENTES (SUP+MIN) CENTRO ANTIG DEF,143606380,CERVEZAS,409811.9120749,413885.33999999997,413885.33999999997,0.0099,0.0099,1.0,VERY MINOR,0.2,0
20083607,TRADICIONALES + LICORERIAS COLOMBIA ANTIG DEF,143606380,CERVEZAS,75189610.35573,75253793.85,75253793.85,0.0009,0.0009,0.7309,MAJOR,0.1,0
20083608,TOTAL BOGOTA METRO,143606380,CERVEZAS,34257242.58079,34473330.51,34473330.51,0.0063,0.0063,0.623,MAJOR,0.1,0
20083609,TOTAL CALI METRO,143606380,CERVEZAS,8373846.1711099,8309581.47,8309581.47,-0.0077,-0.0077,0.6979,MINOR,0.15,0
20083611,TOTAL  MEDELLIN SUR,143606380,CERVEZAS,1442607.12338,1436769.19,1436769.19,-0.004,-0.004,0.7046,MINOR,0.15,0
20083612,TOTAL  CALI   NORTE,143606380,CERVEZAS,3320815.8593,3298634.2600000002,3298634.2600000002,-0.0067,-0.0067,0.6493,MINOR,0.15,0
20083613,TOTAL COLOMBIA CONVENIENCE,143606380,CERVEZAS,3858681.111331,3872876.2600000002,3872876.2600000002,0.0037,0.0037,1.0,MINOR,0.15,0
20083614,TOTAL SANTANDERES CONVENIENCE,143606380,CERVEZAS,584550.75024,586756.77,586756.77,0.0038,0.0038,1.0,VERY MINOR,0.2,0
20083646,TRADICIONALES + CONS LOCAL ATLANTICO,143606380,CERVEZAS,40965606.864627,40904594.5,40904594.5,-0.0015,-0.0015,0.5468,MAJOR,0.1,0
20083655,TRADICIONALES + LICORERIAS ANTIOQUIA-CHOCO,143606380,CERVEZAS,8151833.5699,8127790.96,8127790.96,-0.0029,-0.0029,0.8691,MINOR,0.15,0
20083656,COLOMBIA SUPERMERCADOS_INDEPENDIENTES ANTIG DEF,143606380,CERVEZAS,1148433.5741163,1158335.39,1158335.39,0.0086,0.0086,1.0,VERY MINOR,0.2,0
20083660,TOTAL CENTRO,143606380,CERVEZAS,9802825.765518,9810766.99,9810766.99,0.0008,0.0008,0.6311,MAJOR,0.1,0
20083663,TOTAL COLOMBIA ANTIG DEF,143606380,CERVEZAS,164409164.4855372,164663942.84,164663942.84,0.0015,0.0015,0.6553,MAJOR,0.1,0
20083664,AUTOSERVICIOS ATLANTICO,143606380,CERVEZAS,346456.7273955,345726.75,345726.75,-0.0021,-0.0021,1.0,MINOR,0.15,0
20083666,CONS LOCAL ORIENTE ANTIG DEF,143606380,CERVEZAS,13825638.482943,13856937.0,13856937.0,0.0023,0.0023,0.5869,MAJOR,0.1,0
20083667,CONS LOCAL C_MARCA ANTIG DEF,143606380,CERVEZAS,23810048.37405,23974087.71,23974087.71,0.0069,0.0069,0.5216,MAJOR,0.1,0
20083669,TOTAL PACIFICO ANTIG DEF,143606380,CERVEZAS,19572837.3278499,19481017.82,19481017.82,-0.0047,-0.0047,0.6932,MAJOR,0.1,0
20083670,CONS LOCAL PACIFICO ANTIG DEF,143606380,CERVEZAS,6577014.4498309,6517555.54,6517555.54,-0.009,-0.009,0.4663,MINOR,0.15,0
20083671,SUPERMERCADOS INDEPENDIENTES (SUP+MIN) ATLANTICO,143606380,CERVEZAS,346456.7273955,345726.75,345726.75,-0.0021,-0.0021,1.0,VERY MINOR,0.2,0
20083672,SUPERMERCADOS INDEPENDIENTES (SUP+MIN) ANTIOQUIA_CHOCO,143606380,CERVEZAS,1134909.9238689998,1135515.76,1135515.76,0.0005,0.0005,1.0,VERY MINOR,0.2,0
20083673,SUPERMERCADOS INDEPENDIENTES (SUP+MIN) CENTRO,143606380,CERVEZAS,187589.957408,189289.29,189289.29,0.0091,0.0091,1.0,VERY MINOR,0.2,0
20083674,SUPERMERCADOS INDEPENDIENTES (SUP+MIN) PACIFICO,143606380,CERVEZAS,701918.506479,710502.07,710502.07,0.0122,0.0122,1.0,VERY MINOR,0.2,0
20083675,SUPERMERCADOS INDEPENDIENTES (SUP+MIN) COLOMBIA ANTIG DEF,143606380,CERVEZAS,4796528.9070573,4820810.66,4820810.66,0.0051,0.0051,1.0,MINOR,0.15,0
20083676,TRADICIONALES + LICORERIAS ATLANTICO,143606380,CERVEZAS,19958508.1781,19939716.91,19939716.91,-0.0009,-0.0009,0.5366,MAJOR,0.1,0
20083677,TOTAL BARRANQUILLA METRO,143606380,CERVEZAS,10601105.190234,10559954.34,10559954.34,-0.0039,-0.0039,0.6395,MAJOR,0.1,0
20083678,TOTAL  BOGOTA,143606380,CERVEZAS,27741737.96512,27832694.07,27832694.07,0.0033,0.0033,0.6213,MAJOR,0.1,0
20083679,TOTAL MEDELLIN TRADICIONALES PEQUE?,143606380,CERVEZAS,1133434.8872,1115376.33,1115376.33,-0.0159,-0.0159,0.8879,VERY MINOR,0.2,0
20083680,TOTAL PACIFICO CONVENIENCE,143606380,CERVEZAS,452942.13683,458004.06,458004.06,0.0112,0.0112,1.0,VERY MINOR,0.2,0
20083681,TOTAL BOYACA TRAD + CONS LOCAL,143606380,CERVEZAS,6860597.2447999995,6891976.86,6891976.86,0.0046,0.0046,0.6868,MINOR,0.15,0
20083715,TRADICIONALES + CONS LOCAL COLOMBIA,143606380,CERVEZAS,157518729.3552949,157688081.78,157688081.78,0.0011,0.0011,0.6356,MAJOR,0.1,0
20083716,ANTIOQUIA_CHOCO TRADICIONALES + CONS LOCAL,143606380,CERVEZAS,16460279.32814,16421203.51,16421203.51,-0.0024,-0.0024,0.7656,MAJOR,0.1,0
20083727,TOTAL PACIFICO TRADICIONALES + MINIMERCADOS,143606380,CERVEZAS,13821799.32037,13788914.61,13788914.61,-0.0024,-0.0024,0.8236,MAJOR,0.1,0
20083728,TOTAL CENTRO TRADICIONALES + MINIMERCADOS ANTIG DEF,143606380,CERVEZAS,10029170.40028,10000338.43,10000338.43,-0.0029,-0.0029,0.8197,MINOR,0.15,0
20083729,TRADICIONALES + LICORERIAS PACIFICO,143606380,CERVEZAS,13368857.18354,13330910.549999999,13330910.549999999,-0.0028,-0.0028,0.8163,MAJOR,0.1,0
20126285,NEW_TOTAL COLOMBIA ANTIG DEF_75,143606380,CERVEZAS,164409164.4855372,164663942.84,164663942.84,0.0015,0.0015,0.6553,MAJOR,0.1,0
20126286,NEW_AUTOSERVICIOS CENTRO ANTIG DEF_75,143606380,CERVEZAS,409811.9120749,413885.34,413885.34,0.0099,0.0099,1.0,MINOR,0.15,0
20126287,NEW_TOTAL VILLAVICENCIO METRO_75,143606380,CERVEZAS,2868148.583928,2874196.13,2874196.13,0.0021,0.0021,0.6536,MINOR,0.15,0
20126289,NEW_TOTAL MEDELLIN CENTRO_75,143606380,CERVEZAS,2964292.961628,2967440.95,2967440.95,0.0011,0.0011,0.7566,MINOR,0.15,0
20126290,NEW_TOTAL CALI ORIENTE_75,143606380,CERVEZAS,2895900.8577,2871253.1799999997,2871253.1799999997,-0.0085,-0.0085,0.7621,MINOR,0.15,0
20126293,NEW_TOTAL BOYACA_75,143606380,CERVEZAS,7170317.185179999,7202428.5200000005,7202428.5200000005,0.0045,0.0045,0.7099,MINOR,0.15,0
20126302,NEW_TOTAL BARRANQUILLA OCCIDENTE_75,143606380,CERVEZAS,3983755.32283,3965550.75,3965550.75,-0.0046,-0.0046,0.6546,MINOR,0.15,0
20126303,NEW_AUTOSERVICIOS LLANOS_75,143606380,CERVEZAS,208206.9368489,208700.1,208700.1,0.0024,0.0024,1.0,VERY MINOR,0.2,0
20126306,NEW_TOTAL EJE CAFETERO_75,143606380,CERVEZAS,7724194.1086858995,7744242.85,7744242.85,0.0026,0.0026,0.6876,MINOR,0.15,0
20126309,NEW_TOTAL CUNDI_BOY CONVENIENCE_75,143606380,CERVEZAS,1160620.1513,1165612.74,1165612.74,0.0043,0.0043,1.0,MINOR,0.15,0
20126310,NEW_TOTAL CENTRO ANTIG DEF_75,143606380,CERVEZAS,17527019.874203898,17555009.84,17555009.84,0.0016,0.0016,0.6571,MAJOR,0.1,0
20126311,NEW_TOTAL PACIFICO ANTIG DEF_75,143606380,CERVEZAS,19572837.3278499,19481017.82,19481017.82,-0.0047,-0.0047,0.6932,MAJOR,0.1,0
20126312,NEW_AUTOSERVICIOS ATLANTICO_75,143606380,CERVEZAS,346456.7273955,345726.75,345726.75,-0.0021,-0.0021,1.0,MINOR,0.15,0
20126314,NEW_TOTAL CUCUTA METRO_75,143606380,CERVEZAS,2887318.706018,2879012.14,2879012.14,-0.0029,-0.0029,0.6465,MINOR,0.15,0
20126315,NEW_TOTAL COLOMBIA METROPOLITANA_75,143606380,CERVEZAS,85058890.5330728,85202665.05,85202665.05,0.0017,0.0017,0.6638,MAJOR,0.1,0
20126318,NEW_TOTAL CALI_75,143606380,CERVEZAS,6608915.337079,6562511.73,6562511.73,-0.007,-0.007,0.6897,MINOR,0.15,0
20126319,NEW_AUTOSERVICIOS EJE CAFETERO_75,143606380,CERVEZAS,222221.9546669,224596.05,224596.05,0.0107,0.0107,1.0,VERY MINOR,0.2,0
20126322,NEW_TOTAL ANTIOQUIA_CHOCO_75,143606380,CERVEZAS,18451644.977009,18412983.75,18412983.75,-0.0021,-0.0021,0.7845,MAJOR,0.1,0
20126323,NEW_TOTAL CUNDI_BOY_75,143606380,CERVEZAS,47496384.45496,47840332.980000004,47840332.980000004,0.0072,0.0072,0.6418,MAJOR,0.1,0
20126330,NEW_TOTAL ANTIOQUIA ANTIG DEF_75,143606380,CERVEZAS,16275484.754868,16243098.93,16243098.93,-0.002,-0.002,0.7831,MAJOR,0.1,0
20126331,NEW_AUTOSERVICIOS ORIENTE ANTIG DEF_75,143606380,CERVEZAS,981927.0585999,986580.2799999999,986580.2799999999,0.0047,0.0047,1.0,MINOR,0.15,0
20126332,NEW_AUTOSERVICIOS ANTIOQUIA ANTIG DEF_75,143606380,CERVEZAS,1111993.894418,1112482.86,1112482.86,0.0004,0.0004,1.0,MINOR,0.15,0
20126333,NEW_TOTAL BARRANQUILLA METRO_75,143606380,CERVEZAS,10601105.190234,10559954.34,10559954.34,-0.0039,-0.0039,0.6395,MAJOR,0.1,0
20126337,NEW_TOTAL BOGOTA SUR_75,143606380,CERVEZAS,10554634.14221,10611545.37,10611545.37,0.0054,0.0054,0.6614,MAJOR,0.1,0
20126340,NEW_TOTAL CENTRO_75,143606380,CERVEZAS,9802825.765518,9810766.99,9810766.99,0.0008,0.0008,0.6311,MAJOR,0.1,0
20126341,NEW_TOTAL SANTANDERES_75,143606380,CERVEZAS,15267655.634769,15287433.94,15287433.94,0.0013,0.0013,0.6674,MAJOR,0.1,0
20126349,NEW_TOTAL ATLANTICO CONVENIENCE_75,143606380,CERVEZAS,224719.580071,224569.66,224569.66,-0.0007,-0.0007,1.0,VERY MINOR,0.2,0
20126351,NEW_TOTAL CARTAGENA METRO_75,143606380,CERVEZAS,6504512.9990799995,6527006.38,6527006.38,0.0035,0.0035,0.651,MINOR,0.15,0
20126352,NEW_TOTAL PEREIRA METRO_75,143606380,CERVEZAS,2618286.3370059,2639718.58,2639718.58,0.0082,0.0082,0.7294,MINOR,0.15,0
20126353,NEW_TOTAL BUCARAMANGA METRO_75,143606380,CERVEZAS,5352776.106721,5371660.58,5371660.58,0.0035,0.0035,0.6895,MINOR,0.15,0
20126354,NEW_TOTAL CALI METRO_75,143606380,CERVEZAS,8373846.1711099,8309581.47,8309581.47,-0.0077,-0.0077,0.6979,MINOR,0.15,0
20126357,NEW_TOTAL BOGOTA OCCIDENTE_75,143606380,CERVEZAS,6539948.89181,6541126.88,6541126.88,0.0002,0.0002,0.619,MINOR,0.15,0
20126358,NEW_TOTAL MEDELLIN_75,143606380,CERVEZAS,7147010.617788,7133598.61,7133598.61,-0.0019,-0.0019,0.7758,MINOR,0.15,0
20126359,NEW_AUTOSERVICIOS CENTRO_75,143606380,CERVEZAS,187589.957408,189289.29,189289.29,0.0091,0.0091,1.0,VERY MINOR,0.2,0
20126360,NEW_AUTOSERVICIOS COLOMBIA_75,143606380,CERVEZAS,5077693.0597683005,5102274.600000001,5102274.600000001,0.0048,0.0048,1.0,MAJOR,0.1,0
20126361,NEW_AUTOSERVICIOS CUNDI_BOY_75,143606380,CERVEZAS,1603141.2800500002,1611554.8900000001,1611554.8900000001,0.0052,0.0052,1.0,MINOR,0.15,0
20126364,NEW_TOTAL COLOMBIA_75,143606380,CERVEZAS,172400483.0142032,172683995.69,172683995.69,0.0016,0.0016,0.6592,TOTAL COUNTRY,0.04,0
20126375,NEW_TOTAL CUNDINAMARCA ANTIG DEF_75,143606380,CERVEZAS,40326067.26978,40637904.46,40637904.46,0.0077,0.0077,0.6281,MAJOR,0.1,0
20126378,NEW_TOTAL IBAGUE METROPOLITANA_75,143606380,CERVEZAS,1593947.026228,1588141.0,1588141.0,-0.0036,-0.0036,0.6106,MINOR,0.15,0
20126379,NEW_TOTAL BOGOTA METRO_75,143606380,CERVEZAS,34257242.58079,34473330.51,34473330.51,0.0063,0.0063,0.623,MAJOR,0.1,0
20126381,NEW_TOTAL BARRANQUILLA_75,143606380,CERVEZAS,7765620.999593,7742072.55,7742072.55,-0.003,-0.003,0.6423,MINOR,0.15,0
20126382,NEW_TOTAL BOGOTA ORIENTE_75,143606380,CERVEZAS,3902684.0331800003,3903939.61,3903939.61,0.0003,0.0003,0.567,MINOR,0.15,0
20126383,NEW_TOTAL MEDELLIN NORTE_75,143606380,CERVEZAS,2740110.53278,2729388.4699999997,2729388.4699999997,-0.0039,-0.0039,0.8337,MINOR,0.15,0
20126384,NEW_TOTAL MEDELLIN SUR_75,143606380,CERVEZAS,1442607.12338,1436769.19,1436769.19,-0.004,-0.004,0.7046,MINOR,0.15,0
20126386,NEW_TOTAL LLANOS_75,143606380,CERVEZAS,8188313.4625439,8239127.2700000005,8239127.2700000005,0.0062,0.0062,0.6823,MINOR,0.15,0
20126392,NEW_TOTAL PACIFICO CONVENIENCE_75,143606380,CERVEZAS,452942.13683,458004.06,458004.06,0.0112,0.0112,1.0,VERY MINOR,0.2,0
20126393,NEW_TOTAL SANTANDERES CONVENIENCE_75,143606380,CERVEZAS,584550.75024,586756.77,586756.77,0.0038,0.0038,1.0,VERY MINOR,0.2,0
20126394,NEW_TOTAL CENTRO CONVENIENCE_75,143606380,CERVEZAS,109061.84276999999,109416.47,109416.47,0.0033,0.0033,1.0,VERY MINOR,0.2,0
20126395,NEW_TOTAL ATLANTICO_75,143606380,CERVEZAS,44348068.9873225,44319521.99,44319521.99,-0.0006,-0.0006,0.5643,MAJOR,0.1,0
20126396,NEW_TOTAL ORIENTE ANTIG DEF_75,143606380,CERVEZAS,26359686.2715129,26427389.8,26427389.8,0.0026,0.0026,0.6813,MAJOR,0.1,0
20126397,NEW_AUTOSERVICIOS PACIFICO ANTIG DEF_75,143606380,CERVEZAS,559686.419879,568454.76,568454.76,0.0157,0.0157,1.0,MINOR,0.15,0
20126398,NEW_AUTOSERVICIOS COLOMBIA ANTIG DEF_75,143606380,CERVEZAS,4796528.9070573,4820810.66,4820810.66,0.0051,0.0051,1.0,MAJOR,0.1,0
20126399,NEW_TOTAL MEDELLIN METRO_75,143606380,CERVEZAS,10001706.831958,9980063.92,9980063.92,-0.0022,-0.0022,0.773,MAJOR,0.1,0
20126401,NEW_TOTAL BOGOTA NORTE_75,143606380,CERVEZAS,6744470.897919999,6776082.21,6776082.21,0.0047,0.0047,0.6123,MAJOR,0.1,0
20126402,NEW_TOTAL BOGOTA_75,143606380,CERVEZAS,27741737.96512,27832694.07,27832694.07,0.0033,0.0033,0.6213,MAJOR,0.1,0
20126403,NEW_TOTAL CALI NORTE_75,143606380,CERVEZAS,3320815.8593,3298634.26,3298634.26,-0.0067,-0.0067,0.6493,MINOR,0.15,0
20126404,NEW_AUTOSERVICIOS PACIFICO_75,143606380,CERVEZAS,701918.506479,710502.07,710502.07,0.0122,0.0122,1.0,MINOR,0.15,0
20126405,NEW_AUTOSERVICIOS SANTANDERES_75,143606380,CERVEZAS,673247.773051,676389.69,676389.69,0.0047,0.0047,1.0,MINOR,0.15,0
20126413,NEW_TOTAL ANTIOQUIA_CHOCO CONVENIENCE_75,143606380,CERVEZAS,973395.8281899999,972626.01,972626.01,-0.0008,-0.0008,1.0,VERY MINOR,0.2,0
20126414,NEW_TOTAL LLANOS CONVENIENCE_75,143606380,CERVEZAS,166578.82106000002,166704.41,166704.41,0.0008,0.0008,1.0,VERY MINOR,0.2,0
20126415,NEW_AUTOSERVICIOS CUNDINAMARCA ANTIG DEF_75,143606380,CERVEZAS,1386652.89469,1393680.67,1393680.67,0.0051,0.0051,1.0,MINOR,0.15,0
20126419,NEW_TOTAL BARRANQUILLA ORIENTE_75,143606380,CERVEZAS,3781865.676763,3776521.8,3776521.8,-0.0014,-0.0014,0.6333,MINOR,0.15,0
20126420,NEW_TOTAL CALI SUR_75,143606380,CERVEZAS,392198.620079,392624.29,392624.29,0.0011,0.0011,0.6446,VERY MINOR,0.2,0
20126421,NEW_AUTOSERVICIOS ANTIOQUIA_CHOCO_75,143606380,CERVEZAS,1134909.923869,1135515.76,1135515.76,0.0005,0.0005,1.0,MINOR,0.15,0
20126424,NEW_TOTAL PACIFICO_75,143606380,CERVEZAS,21121395.6233949,21029585.92,21029585.92,-0.0043,-0.0043,0.6961,MAJOR,0.1,0
20126589,NEW_TOTAL COLOMBIA CONVENIENCE_75,143606380,CERVEZAS,3858681.111331,3872876.2600000002,3872876.2600000002,0.0037,0.0037,1.0,MINOR,0.15,0
20130283,R LICORERIAS PACIFICO,143606380,CERVEZAS,2282980.44327,2297113.67,2297113.67,0.0062,0.0062,1.0,VERY MINOR,0.2,0
20165892,COL R CENTRO + EJE CAFETERO+ LLANOS + SANTANDERES LICORERIAS,143606380,CERVEZAS,2349010.80961,2386693.87,2386693.87,0.016,0.016,1.0,MINOR,0.15,0
20199119,TOTAL 14 MERCADOS DEPARTAMENTOS,143606380,CERVEZAS,172400483.0142032,172683995.69,172683995.69,0.0016,0.0016,0.6592,MAJOR,0.1,0
20199120,DPTO CUNDINAMARCA,143606380,CERVEZAS,12584329.30466,12805210.39,12805210.39,0.0176,0.0176,0.6471,MAJOR,0.1,0
20199121,DPTO CALDAS QUINDIO RISARALDA,143606380,CERVEZAS,7724194.1086858995,7744242.85,7744242.85,0.0026,0.0026,0.6876,MINOR,0.15,0
20199122,DPTO BOYACA,143606380,CERVEZAS,7170317.18518,7202428.5200000005,7202428.5200000005,0.0045,0.0045,0.7099,MINOR,0.15,0
20199123,DPTO ANTIOQUIA,143606380,CERVEZAS,16275484.754868,16243098.93,16243098.93,-0.002,-0.002,0.7831,MAJOR,0.1,0
20199124,DPTO VALLE DEL CAUCA,143606380,CERVEZAS,13846396.709429901,13764398.94,13764398.94,-0.0059,-0.0059,0.717,MAJOR,0.1,0
20199125,DPTO CHOCO,143606380,CERVEZAS,2176160.222141,2169884.82,2169884.82,-0.0029,-0.0029,0.797,MINOR,0.15,0
20199126,DPTO BOLIVAR CORDOBA SUCRE,143606380,CERVEZAS,16771232.1488085,16772478.07,16772478.07,0.0001,0.0001,0.5228,MAJOR,0.1,0
20199127,DPTO SANTANDER NORTE DE SANTANDER,143606380,CERVEZAS,15267655.634769,15287433.94,15287433.94,0.0013,0.0013,0.6674,MAJOR,0.1,0
20199128,DPTO BOGOTA DC,143606380,CERVEZAS,27741737.96512,27832694.07,27832694.07,0.0033,0.0033,0.6213,MAJOR,0.1,0
20199129,DPTO ATLANTICO,143606380,CERVEZAS,15028173.807554001,14990981.51,14990981.51,-0.0025,-0.0025,0.6228,MAJOR,0.1,0
20199130,DPTO HUILA TOLIMA,143606380,CERVEZAS,9802825.765518,9810766.99,9810766.99,0.0008,0.0008,0.6311,MINOR,0.15,0
20199131,DPTO CAQUETA ARAUCA CASANARE PUTUMAYO META,143606380,CERVEZAS,9736871.7580889,9787695.370000001,9787695.370000001,0.0052,0.0052,0.691,MAJOR,0.1,0
20199132,DPTO CAUCA NARINO,143606380,CERVEZAS,5726440.618419999,5716618.88,5716618.88,-0.0017,-0.0017,0.6431,MINOR,0.15,0
20199133,DPTO CESAR LA GUAJIRA MAGDALENA,143606380,CERVEZAS,12548663.03096,12556062.41,12556062.41,0.0006,0.0006,0.5676,MAJOR,0.1,0
20199285,TOTAL 10 CIUDADES METRO,143606380,CERVEZAS,85058890.5330728,85202665.05,85202665.05,0.0017,0.0017,0.6638,MAJOR,0.1,0
20199286,AM CARTAGENA RESTO,143606380,CERVEZAS,588583.72548,598157.6900000001,598157.6900000001,0.0163,0.0163,1.0,VERY MINOR,0.2,0
20199287,AM CUCUTA TRADICIONALES,143606380,CERVEZAS,1728993.3978,1721751.4,1721751.4,-0.0042,-0.0042,0.7006,VERY MINOR,0.2,0
20199288,AM CALI TRADICIONALES,143606380,CERVEZAS,4727660.19107,4693066.5,4693066.5,-0.0073,-0.0073,0.7968,MINOR,0.15,0
20199289,AM BOGOTA ON PREMISE,143606380,CERVEZAS,21220001.50395,21369983.099999998,21369983.099999998,0.0071,0.0071,0.5178,MAJOR,0.1,0
20199290,AM PEREIRA ON PREMISE,143606380,CERVEZAS,1117562.7053790002,1136720.92,1136720.92,0.0171,0.0171,0.5459,VERY MINOR,0.2,0
20199291,AM IBAGUE ON PREMISE,143606380,CERVEZAS,667620.11211,671211.0,671211.0,0.0054,0.0054,0.3169,VERY MINOR,0.2,0
20199292,AM CALI RESTO,143606380,CERVEZAS,789912.093709,793465.19,793465.19,0.0045,0.0045,1.0,MINOR,0.15,0
20199293,AM VILLAVICENCIO ON PREMISE,143606380,CERVEZAS,1749783.2963999999,1748367.96,1748367.96,-0.0008,-0.0008,0.526,VERY MINOR,0.2,0
20199294,AM CARTAGENA ON PREMISE,143606380,CERVEZAS,2575822.7405999997,2565801.0500000003,2565801.0500000003,-0.0039,-0.0039,0.4174,MINOR,0.15,0
20199295,AM CUCUTA ON PREMISE,143606380,CERVEZAS,1102724.497918,1101579.0,1101579.0,-0.001,-0.001,0.5419,VERY MINOR,0.2,0
20199296,AM BOGOTA RESTO,143606380,CERVEZAS,2305050.86974,2318449.0500000003,2318449.0500000003,0.0058,0.0058,1.0,MINOR,0.15,0
20199297,AM IBAGUE TRADICIONALES,143606380,CERVEZAS,726539.0020999999,715100.4400000001,715100.4400000001,-0.0157,-0.0157,0.8278,VERY MINOR,0.2,0
20199298,AM VILLAVICENCIO RESTO,143606380,CERVEZAS,89730.123728,89211.17,89211.17,-0.0058,-0.0058,1.0,VERY MINOR,0.2,0
20199299,AM MEDELLIN TRADICIONALES,143606380,CERVEZAS,3041692.0589,3025066.62,3025066.62,-0.0055,-0.0055,0.9017,MINOR,0.15,0
20199300,AM BUCARAMANGA RESTO,143606380,CERVEZAS,621994.249821,643113.6799999999,643113.6799999999,0.034,0.034,1.0,VERY MINOR,0.2,0
20199301,AM BOGOTA TRADICIONALES,143606380,CERVEZAS,10732190.2071,10784898.36,10784898.36,0.0049,0.0049,0.7591,MAJOR,0.1,0
20199302,AM VILLAVICENCIO TRADICIONALES,143606380,CERVEZAS,1028635.1638,1036617.0,1036617.0,0.0078,0.0078,0.765,VERY MINOR,0.2,0
20199303,AM BUCARAMANGA TRADICIONALES,143606380,CERVEZAS,2178047.3069,2169252.0,2169252.0,-0.004,-0.004,0.7792,VERY MINOR,0.2,0
20199304,AM BARRANQUILLA ON PREMISE,143606380,CERVEZAS,4260864.442617,4270040.25,4270040.25,0.0022,0.0022,0.523,MINOR,0.15,0
20199305,AM IBAGUE RESTO,143606380,CERVEZAS,199787.912018,201829.56,201829.56,0.0102,0.0102,1.0,VERY MINOR,0.2,0
20199306,AM BARRANQUILLA TRADICIONALES,143606380,CERVEZAS,5609534.1648,5550036.92,5550036.92,-0.0106,-0.0106,0.6884,MINOR,0.15,0
20199307,AM PEREIRA RESTO,143606380,CERVEZAS,220592.5054469,224506.58000000002,224506.58000000002,0.0177,0.0177,1.0,VERY MINOR,0.2,0
20199308,AM CARTAGENA TRADICIONALES,143606380,CERVEZAS,3340106.533,3363047.64,3363047.64,0.0069,0.0069,0.8082,MINOR,0.15,0
20199309,AM BARRANQUILLA RESTO,143606380,CERVEZAS,730706.582817,739877.1699999999,739877.1699999999,0.0126,0.0126,1.0,VERY MINOR,0.2,0
20199310,AM BUCARAMANGA ON PREMISE,143606380,CERVEZAS,2552734.55,2559294.9,2559294.9,0.0026,0.0026,0.5593,MINOR,0.15,0
20199311,AM CALI ON PREMISE,143606380,CERVEZAS,2856273.8863309002,2823049.78,2823049.78,-0.0116,-0.0116,0.4686,MINOR,0.15,0
20199312,AM CUCUTA RESTO,143606380,CERVEZAS,55600.8103,55681.74,55681.74,0.0015,0.0015,1.0,VERY MINOR,0.2,0
20199313,AM MEDELLIN RESTO,143606380,CERVEZAS,1316804.194648,1317801.47,1317801.47,0.0008,0.0008,1.0,MINOR,0.15,0
20199314,AM PEREIRA TRADICIONALES,143606380,CERVEZAS,1280131.1261800001,1278491.08,1278491.08,-0.0013,-0.0013,0.827,VERY MINOR,0.2,0
20199315,AM MEDELLIN ON PREMISE,143606380,CERVEZAS,5643210.57841,5637195.83,5637195.83,-0.0011,-0.0011,0.6362,MINOR,0.15,0
20201389,TOTAL 14 MERCADOS DEPARTAMENTOS_CERV,143606380,CERVEZAS,172400483.0142032,172683995.69,172683995.69,0.0016,0.0016,0.6592,MAJOR,0.1,0
20201420,TOTAL 10 CIUDADES METRO_CERV_SCAN,143606380,CERVEZAS,85058890.5330728,85202665.05,85202665.05,0.0017,0.0017,0.6638,MAJOR,0.1,0
20201421,DPTO SANTANDER NORTE DE SANTANDER_CERV,143606380,CERVEZAS,15267655.634769,15287433.94,15287433.94,0.0013,0.0013,0.6674,MAJOR,0.1,0
20201422,DPTO BOGOTA DC_CERV,143606380,CERVEZAS,27741737.96512,27832694.07,27832694.07,0.0033,0.0033,0.6213,MAJOR,0.1,0
20201423,DPTO ATLANTICO_CERV,143606380,CERVEZAS,15028173.807554,14990981.51,14990981.51,-0.0025,-0.0025,0.6228,MAJOR,0.1,0
20201424,DPTO CHOCO_CERV,143606380,CERVEZAS,2176160.222141,2169884.8200000003,2169884.8200000003,-0.0029,-0.0029,0.797,MINOR,0.15,0
20201425,DPTO CAQUETA ARAUCA CASANARE PUTUMAYO META_CERV,143606380,CERVEZAS,9736871.7580889,9787695.370000001,9787695.370000001,0.0052,0.0052,0.691,MAJOR,0.1,0
20201426,DPTO CESAR LA GUAJIRA MAGDALENA_CERV,143606380,CERVEZAS,12548663.030960001,12556062.41,12556062.41,0.0006,0.0006,0.5676,MAJOR,0.1,0
20201427,DPTO BOLIVAR CORDOBA SUCRE_CERV,143606380,CERVEZAS,16771232.1488085,16772478.07,16772478.07,0.0001,0.0001,0.5228,MAJOR,0.1,0
20201428,DPTO CALDAS QUINDIO RISARALDA_CERV,143606380,CERVEZAS,7724194.1086859,7744242.85,7744242.85,0.0026,0.0026,0.6876,MINOR,0.15,0
20201429,DPTO CAUCA NARINO_CERV,143606380,CERVEZAS,5726440.61842,5716618.88,5716618.88,-0.0017,-0.0017,0.6431,MINOR,0.15,0
20201430,DPTO HUILA TOLIMA_CERV,143606380,CERVEZAS,9802825.765518,9810766.99,9810766.99,0.0008,0.0008,0.6311,MINOR,0.15,0
20201431,DPTO CUNDINAMARCA_CERV,143606380,CERVEZAS,12584329.30466,12805210.39,12805210.39,0.0176,0.0176,0.6471,MAJOR,0.1,0
20201432,DPTO ANTIOQUIA_CERV,143606380,CERVEZAS,16275484.754867999,16243098.93,16243098.93,-0.002,-0.002,0.7831,MAJOR,0.1,0
20201433,DPTO VALLE DEL CAUCA_CERV,143606380,CERVEZAS,13846396.7094299,13764398.94,13764398.94,-0.0059,-0.0059,0.717,MAJOR,0.1,0
20201434,DPTO BOYACA_CERV,143606380,CERVEZAS,7170317.18518,7202428.5200000005,7202428.5200000005,0.0045,0.0045,0.7099,MINOR,0.15,0
20201466,AM VILLAVICENCIO ON PREMISE_CERV,143606380,CERVEZAS,1749783.2963999999,1748367.96,1748367.96,-0.0008,-0.0008,0.526,VERY MINOR,0.2,0
20201467,AM CALI TRADICIONALES_CERV,143606380,CERVEZAS,4727660.19107,4693066.5,4693066.5,-0.0073,-0.0073,0.7968,MINOR,0.15,0
20201468,AM IBAGUE RESTO_CERV_SCAN,143606380,CERVEZAS,199787.912018,201829.56,201829.56,0.0102,0.0102,1.0,VERY MINOR,0.2,0
20201469,AM CARTAGENA TRADICIONALES_CERV,143606380,CERVEZAS,3340106.533,3363047.64,3363047.64,0.0069,0.0069,0.8082,MINOR,0.15,0
20201470,AM CARTAGENA RESTO_CERV_SCAN,143606380,CERVEZAS,588583.72548,598157.6900000001,598157.6900000001,0.0163,0.0163,1.0,VERY MINOR,0.2,0
20201471,AM CALI RESTO_CERV_SCAN,143606380,CERVEZAS,789912.0937089999,793465.1900000001,793465.1900000001,0.0045,0.0045,1.0,MINOR,0.15,0
20201472,AM IBAGUE ON PREMISE_CERV,143606380,CERVEZAS,667620.11211,671211.0,671211.0,0.0054,0.0054,0.3169,VERY MINOR,0.2,0
20201473,AM PEREIRA TRADICIONALES_CERV,143606380,CERVEZAS,1280131.1261800001,1278491.08,1278491.08,-0.0013,-0.0013,0.827,VERY MINOR,0.2,0
20201474,AM PEREIRA RESTO_CERV_SCAN,143606380,CERVEZAS,220592.5054469,224506.58000000002,224506.58000000002,0.0177,0.0177,1.0,VERY MINOR,0.2,0
20201475,AM BARRANQUILLA ON PREMISE_CERV,143606380,CERVEZAS,4260864.442617,4270040.25,4270040.25,0.0022,0.0022,0.523,MINOR,0.15,0
20201476,AM CUCUTA RESTO_CERV_SCAN,143606380,CERVEZAS,55600.8103,55681.74,55681.74,0.0015,0.0015,1.0,VERY MINOR,0.2,0
20201477,AM MEDELLIN ON PREMISE_CERV,143606380,CERVEZAS,5643210.57841,5637195.83,5637195.83,-0.0011,-0.0011,0.6362,MINOR,0.15,0
20201478,AM IBAGUE TRADICIONALES_CERV,143606380,CERVEZAS,726539.0020999999,715100.4400000001,715100.4400000001,-0.0157,-0.0157,0.8278,VERY MINOR,0.2,0
20201479,AM CUCUTA TRADICIONALES_CERV,143606380,CERVEZAS,1728993.3978,1721751.4,1721751.4,-0.0042,-0.0042,0.7006,VERY MINOR,0.2,0
20201480,AM BOGOTA ON PREMISE_CERV,143606380,CERVEZAS,21220001.50395,21369983.1,21369983.1,0.0071,0.0071,0.5178,MAJOR,0.1,0
20201481,AM BUCARAMANGA ON PREMISE_CERV,143606380,CERVEZAS,2552734.55,2559294.9000000004,2559294.9000000004,0.0026,0.0026,0.5593,MINOR,0.15,0
20201482,AM VILLAVICENCIO TRADICIONALES_CERV,143606380,CERVEZAS,1028635.1638,1036617.0,1036617.0,0.0078,0.0078,0.765,VERY MINOR,0.2,0
20201483,AM BOGOTA RESTO_CERV_SCAN,143606380,CERVEZAS,2305050.86974,2318449.05,2318449.05,0.0058,0.0058,1.0,MINOR,0.15,0
20201484,AM CARTAGENA ON PREMISE_CERV,143606380,CERVEZAS,2575822.7405999997,2565801.0500000003,2565801.0500000003,-0.0039,-0.0039,0.4174,MINOR,0.15,0
20201485,AM VILLAVICENCIO RESTO_CERV_SCAN,143606380,CERVEZAS,89730.12372799999,89211.17,89211.17,-0.0058,-0.0058,1.0,VERY MINOR,0.2,0
20201486,AM BARRANQUILLA TRADICIONALES_CERV,143606380,CERVEZAS,5609534.164799999,5550036.92,5550036.92,-0.0106,-0.0106,0.6884,MINOR,0.15,0
20201487,AM BOGOTA TRADICIONALES_CERV,143606380,CERVEZAS,10732190.2071,10784898.36,10784898.36,0.0049,0.0049,0.7591,MAJOR,0.1,0
20201488,AM BARRANQUILLA RESTO_CERV_SCAN,143606380,CERVEZAS,730706.582817,739877.1699999999,739877.1699999999,0.0126,0.0126,1.0,VERY MINOR,0.2,0
20201489,AM CALI ON PREMISE_CERV,143606380,CERVEZAS,2856273.8863309002,2823049.78,2823049.78,-0.0116,-0.0116,0.4686,MINOR,0.15,0
20201490,AM BUCARAMANGA RESTO_CERV_SCAN,143606380,CERVEZAS,621994.249821,643113.68,643113.68,0.034,0.034,1.0,VERY MINOR,0.2,0
20201491,AM CUCUTA ON PREMISE_CERV,143606380,CERVEZAS,1102724.4979180002,1101579.0,1101579.0,-0.001,-0.001,0.5419,VERY MINOR,0.2,0
20201492,AM BUCARAMANGA TRADICIONALES_CERV,143606380,CERVEZAS,2178047.3069,2169252.0,2169252.0,-0.004,-0.004,0.7792,VERY MINOR,0.2,0
20201493,AM MEDELLIN TRADICIONALES_CERV,143606380,CERVEZAS,3041692.0589,3025066.62,3025066.62,-0.0055,-0.0055,0.9017,MINOR,0.15,0
20201494,AM PEREIRA ON PREMISE_CERV,143606380,CERVEZAS,1117562.705379,1136720.92,1136720.92,0.0171,0.0171,0.5459,VERY MINOR,0.2,0
20201495,AM MEDELLIN RESTO_CERV_SCAN,143606380,CERVEZAS,1316804.194648,1317801.47,1317801.47,0.0008,0.0008,1.0,MINOR,0.15,0
20203737,CONSUMO LOCAL BOGOTA,143606380,CERVEZAS,16904394.83215,16956492.86,16956492.86,0.0031,0.0031,0.5153,MAJOR,0.1,0
20203919,CONSUMO LOCAL BOGOTA,143606380,CERVEZAS,16904394.83215,16956492.86,16956492.86,0.0031,0.0031,0.5153,MAJOR,0.1,0
